drop database testDBMS;
create database testDBMS;
use testDBMS;

create table `station`(
  `s_id` varchar(10) NOT NULL PRIMARY KEY,
  `name` varchar(100) NOT NULL,
  `address` varchar(50) NOT NULL,
  `status` varchar(20) NOT NULL DEFAULT 'ACTIVE'
);

insert into station (s_id, name, address, status) values (1, 'Avavee', '6909 Gina Avenue', 'INACTIVE');
insert into station (s_id, name, address, status) values (2, 'Rhyzio', '22 Barnett Avenue', 'ACTIVE');
insert into station (s_id, name, address, status) values (3, 'Zazio', '0 Elmside Junction', 'ACTIVE');
insert into station (s_id, name, address, status) values (4, 'Yotz', '8 Pierstorff Court', 'ACTIVE');
insert into station (s_id, name, address, status) values (5, 'Jetpulse', '71 Helena Hill', 'ACTIVE');
insert into station (s_id, name, address, status) values (6, 'Divanoodle', '3935 Autumn Leaf Way', 'ACTIVE');
insert into station (s_id, name, address, status) values (7, 'Oyonder', '3 Susan Way', 'ACTIVE');
insert into station (s_id, name, address, status) values (8, 'Wordpedia', '78436 Jenna Plaza', 'HEADQUARTERS');
insert into station (s_id, name, address, status) values (9, 'Fanoodle', '57 Maywood Center', 'ACTIVE');
insert into station (s_id, name, address, status) values (10, 'Chatterpoint', '731 Merry Parkway', 'ACTIVE');
insert into station (s_id, name, address, status) values (11, 'Flipbug', '1748 Buell Trail', 'INACTIVE');
insert into station (s_id, name, address, status) values (12, 'Devify', '55281 Acker Junction', 'ACTIVE');
insert into station (s_id, name, address, status) values (13, 'Avamm', '563 Valley Edge Place', 'ACTIVE');
insert into station (s_id, name, address, status) values (14, 'Quimba', '1695 Havey Court', 'ACTIVE');
insert into station (s_id, name, address, status) values (15, 'Quire', '201 Loomis Center', 'ACTIVE');
insert into station (s_id, name, address, status) values (16, 'Muxo', '44 Roxbury Center', 'ACTIVE');
insert into station (s_id, name, address, status) values (17, 'Fivechat', '25 Havey Terrace', 'ACTIVE');
insert into station (s_id, name, address, status) values (18, 'Gabspot', '3 Autumn Leaf Center', 'HEADQUARTERS');
insert into station (s_id, name, address, status) values (19, 'Ooba', '1615 Pierstorff Drive', 'ACTIVE');
insert into station (s_id, name, address, status) values (20, 'Yakidoo', '36468 Memorial Center', 'ACTIVE');
insert into station (s_id, name, address, status) values (21, 'Einti', '013 Onsgard Way', 'HEADQUARTERS');
insert into station (s_id, name, address, status) values (22, 'Voonder', '170 Monument Junction', 'ACTIVE');
insert into station (s_id, name, address, status) values (23, 'Jayo', '5697 Prairie Rose Hill', 'ACTIVE');
insert into station (s_id, name, address, status) values (24, 'Plambee', '0 Dwight Terrace', 'ACTIVE');
insert into station (s_id, name, address, status) values (25, 'Twitterbridge', '055 South Park', 'ACTIVE');
insert into station (s_id, name, address, status) values (26, 'Skyba', '83 Warner Point', 'INACTIVE');
insert into station (s_id, name, address, status) values (27, 'Shuffletag', '7621 Commercial Parkway', 'ACTIVE');
insert into station (s_id, name, address, status) values (28, 'Jabberstorm', '76 Loomis Parkway', 'ACTIVE');
insert into station (s_id, name, address, status) values (29, 'Oyoyo', '1 Hoepker Drive', 'HEADQUARTERS');
insert into station (s_id, name, address, status) values (30, 'Aibox', '9 Katie Avenue', 'INACTIVE');
insert into station (s_id, name, address, status) values (31, 'Oyoloo', '27 Sheridan Hill', 'ACTIVE');
insert into station (s_id, name, address, status) values (32, 'Mydeo', '12 Westport Court', 'ACTIVE');
insert into station (s_id, name, address, status) values (33, 'Bluezoom', '32734 Cascade Trail', 'ACTIVE');
insert into station (s_id, name, address, status) values (34, 'Kare', '01 Sullivan Circle', 'HEADQUARTERS');
insert into station (s_id, name, address, status) values (35, 'Voomm', '3000 Gina Drive', 'ACTIVE');
insert into station (s_id, name, address, status) values (36, 'Skipfire', '3 Montana Point', 'ACTIVE');
insert into station (s_id, name, address, status) values (37, 'Oyoyo', '85 6th Place', 'ACTIVE');
insert into station (s_id, name, address, status) values (38, 'Youbridge', '92528 Carberry Trail', 'ACTIVE');
insert into station (s_id, name, address, status) values (39, 'Skynoodle', '9 Fieldstone Drive', 'ACTIVE');
insert into station (s_id, name, address, status) values (40, 'Youspan', '31844 Hagan Drive', 'ACTIVE');
insert into station (s_id, name, address, status) values (41, 'Trunyx', '3108 Straubel Avenue', 'ACTIVE');
insert into station (s_id, name, address, status) values (42, 'Meembee', '26 Dixon Street', 'ACTIVE');
insert into station (s_id, name, address, status) values (43, 'Viva', '35 Carberry Parkway', 'ACTIVE');
insert into station (s_id, name, address, status) values (44, 'Wikibox', '66997 Nova Crossing', 'INACTIVE');
insert into station (s_id, name, address, status) values (45, 'Photojam', '5 Tony Trail', 'ACTIVE');
insert into station (s_id, name, address, status) values (46, 'Skinte', '97 3rd Way', 'ACTIVE');
insert into station (s_id, name, address, status) values (47, 'Viva', '90 Golden Leaf Place', 'ACTIVE');
insert into station (s_id, name, address, status) values (48, 'Pixonyx', '405 Golf View Road', 'INACTIVE');
insert into station (s_id, name, address, status) values (49, 'Mydo', '06 Canary Crossing', 'INACTIVE');
insert into station (s_id, name, address, status) values (50, 'Janyx', '87 Fallview Center', 'ACTIVE');
insert into station (s_id, name, address, status) values (51, 'Trilith', '52 Onsgard Park', 'ACTIVE');
insert into station (s_id, name, address, status) values (52, 'Jamia', '0 Glendale Junction', 'ACTIVE');
insert into station (s_id, name, address, status) values (53, 'Thoughtstorm', '7 Norway Maple Drive', 'ACTIVE');
insert into station (s_id, name, address, status) values (54, 'Realpoint', '096 Hanover Point', 'ACTIVE');
insert into station (s_id, name, address, status) values (55, 'Dynava', '7 Packers Plaza', 'ACTIVE');
insert into station (s_id, name, address, status) values (56, 'Realbridge', '9 Monument Drive', 'INACTIVE');
insert into station (s_id, name, address, status) values (57, 'Devify', '19 Melby Trail', 'HEADQUARTERS');
insert into station (s_id, name, address, status) values (58, 'Eare', '599 Anthes Alley', 'ACTIVE');
insert into station (s_id, name, address, status) values (59, 'Zoonoodle', '651 Coleman Center', 'INACTIVE');
insert into station (s_id, name, address, status) values (60, 'Zoonoodle', '33 Rigney Pass', 'ACTIVE');
insert into station (s_id, name, address, status) values (61, 'Cogibox', '1 Stephen Junction', 'ACTIVE');
insert into station (s_id, name, address, status) values (62, 'Mudo', '653 Warner Lane', 'ACTIVE');
insert into station (s_id, name, address, status) values (63, 'Rooxo', '4 Bonner Parkway', 'ACTIVE');
insert into station (s_id, name, address, status) values (64, 'Eazzy', '15712 Summit Junction', 'INACTIVE');
insert into station (s_id, name, address, status) values (65, 'Trudoo', '6 Surrey Lane', 'ACTIVE');
insert into station (s_id, name, address, status) values (66, 'Yadel', '54000 Southridge Parkway', 'ACTIVE');
insert into station (s_id, name, address, status) values (67, 'Realbridge', '273 Schiller Circle', 'HEADQUARTERS');
insert into station (s_id, name, address, status) values (68, 'Jetwire', '31116 Pond Drive', 'ACTIVE');
insert into station (s_id, name, address, status) values (69, 'Camimbo', '0760 Reinke Hill', 'ACTIVE');
insert into station (s_id, name, address, status) values (70, 'Feedmix', '6 Memorial Terrace', 'HEADQUARTERS');
insert into station (s_id, name, address, status) values (71, 'Youfeed', '915 Colorado Hill', 'ACTIVE');
insert into station (s_id, name, address, status) values (72, 'Browsezoom', '8 Lien Street', 'ACTIVE');
insert into station (s_id, name, address, status) values (73, 'Thoughtblab', '402 Talmadge Pass', 'ACTIVE');
insert into station (s_id, name, address, status) values (74, 'Jabberbean', '71 Paget Avenue', 'INACTIVE');
insert into station (s_id, name, address, status) values (75, 'Babblestorm', '9 South Avenue', 'ACTIVE');
insert into station (s_id, name, address, status) values (76, 'Reallinks', '7423 Toban Court', 'INACTIVE');
insert into station (s_id, name, address, status) values (77, 'Yakidoo', '3996 Caliangt Lane', 'INACTIVE');
insert into station (s_id, name, address, status) values (78, 'Ntags', '314 Dexter Place', 'ACTIVE');
insert into station (s_id, name, address, status) values (79, 'Jetpulse', '36146 Oakridge Hill', 'ACTIVE');
insert into station (s_id, name, address, status) values (80, 'Blogtag', '8215 Butterfield Hill', 'ACTIVE');
insert into station (s_id, name, address, status) values (81, 'Blogpad', '4 Kensington Point', 'INACTIVE');
insert into station (s_id, name, address, status) values (82, 'Divavu', '97 Butternut Pass', 'ACTIVE');
insert into station (s_id, name, address, status) values (83, 'Skynoodle', '3 Mcguire Circle', 'HEADQUARTERS');
insert into station (s_id, name, address, status) values (84, 'Wordtune', '7129 Mallard Alley', 'ACTIVE');
insert into station (s_id, name, address, status) values (85, 'Eadel', '72304 Annamark Pass', 'INACTIVE');
insert into station (s_id, name, address, status) values (86, 'Edgeify', '6 Mayer Alley', 'INACTIVE');
insert into station (s_id, name, address, status) values (87, 'Flipstorm', '37683 Moulton Alley', 'ACTIVE');
insert into station (s_id, name, address, status) values (88, 'Fivebridge', '9 Mifflin Way', 'HEADQUARTERS');
insert into station (s_id, name, address, status) values (89, 'Vinte', '89053 Lotheville Court', 'ACTIVE');
insert into station (s_id, name, address, status) values (90, 'Linkbridge', '09 Dapin Avenue', 'ACTIVE');
insert into station (s_id, name, address, status) values (91, 'Rhyloo', '8 Cottonwood Park', 'ACTIVE');
insert into station (s_id, name, address, status) values (92, 'Wikizz', '19120 Caliangt Road', 'ACTIVE');
insert into station (s_id, name, address, status) values (93, 'Vipe', '84686 Russell Center', 'INACTIVE');
insert into station (s_id, name, address, status) values (94, 'Avamm', '65 Spohn Point', 'ACTIVE');
insert into station (s_id, name, address, status) values (95, 'Skajo', '67 Acker Way', 'ACTIVE');
insert into station (s_id, name, address, status) values (96, 'Thoughtstorm', '6 Steensland Place', 'ACTIVE');
insert into station (s_id, name, address, status) values (97, 'Izio', '98600 Debra Drive', 'HEADQUARTERS');
insert into station (s_id, name, address, status) values (98, 'Realmix', '5734 Toban Plaza', 'INACTIVE');
insert into station (s_id, name, address, status) values (99, 'Devshare', '79 Bashford Pass', 'ACTIVE');
insert into station (s_id, name, address, status) values (100, 'Wikido', '22297 Barby Court', 'ACTIVE');


create table `officer`(
  `o_id` varchar(10) NOT NULL PRIMARY KEY,
  `name` varchar(100) NOT NULL,
  `gender` varchar(10) NOT NULL,
  `email` varchar(100) NOT NULL,
  `phone` varchar(20) NOT NULL,
  `password` varchar(20) NOT NULL,
  `address` varchar(50) NOT NULL,
  `designation` varchar(50) NOT NULL,
  `status` varchar(20) NOT NULL DEFAULT 'NEW',
  `s_id` varchar(10) NOT NULL,
  constraint `officer_s_id_fk` foreign key (`s_id`) references `station`(`s_id`)
);

insert into officer (o_id, name, gender, email, phone, password, address, designation, status, s_id) values (1, 'Nicol', 'Male', 'nvanyushkin0@opera.com', '3338224455', '6NZiRc', '82101 Union Parkway', 'Inspector of Police', 'ONLEAVE', 98);
insert into officer (o_id, name, gender, email, phone, password, address, designation, status, s_id) values (2, 'Vyky', 'Female', 'vrimer1@pinterest.com', '4888709084', 'Vea6KQQUJ4A', '035 Merry Terrace', 'Asst. Sub. Inspector', 'ONLEAVE', 1);
insert into officer (o_id, name, gender, email, phone, password, address, designation, status, s_id) values (3, 'Deni', 'Female', 'dlassen2@ovh.net', '7916038654', 'RzalQrhDNKLi', '2 Elgar Pass', 'Havildar', 'ONDUTY', 44);
insert into officer (o_id, name, gender, email, phone, password, address, designation, status, s_id) values (4, 'Lincoln', 'Male', 'ldykas3@liveinternet.ru', '5088069151', 'HHB5oQidp', '48826 Oxford Plaza', 'Addl. Deputy Commissioner of Police', 'ONLEAVE', 17);
insert into officer (o_id, name, gender, email, phone, password, address, designation, status, s_id) values (5, 'Brier', 'Female', 'bpiercy4@uiuc.edu', '2842131580', 'qdyL0hL8i8l', '001 Straubel Way', 'Deputy Commissioner of Police', 'ONLEAVE', 18);
insert into officer (o_id, name, gender, email, phone, password, address, designation, status, s_id) values (6, 'Mollie', 'Female', 'msilversmidt5@howstuffworks.com', '2498525912', 'dy5r0BEV', '97623 Pepper Wood Plaza', 'Sub Inspector of Police', 'RETIRED', 2);
insert into officer (o_id, name, gender, email, phone, password, address, designation, status, s_id) values (7, 'Johnna', 'Female', 'jhammond6@acquirethisname.com', '1856725857', 'HQbjUhE', '6 Upham Park', 'Asst.Commissioner of Police', 'RETIRED', 5);
insert into officer (o_id, name, gender, email, phone, password, address, designation, status, s_id) values (8, 'Regine', 'Female', 'rcarde7@privacy.gov.au', '7313862237', 'zLGeVDLx', '83 Sutteridge Center', 'Deputy Inspector General of Police	', 'ONDUTY', 68);
insert into officer (o_id, name, gender, email, phone, password, address, designation, status, s_id) values (9, 'Meg', 'Female', 'mkienle8@fema.gov', '4656562933', 'HeRXrW', '29361 Texas Hill', 'Asst. Sub. Inspector', 'RETIRED', 9);
insert into officer (o_id, name, gender, email, phone, password, address, designation, status, s_id) values (10, 'Julio', 'Male', 'jsalvatore9@google.com.hk', '6625677790', 'Fd1UlI', '760 Sycamore Avenue', 'Deputy Commissioner of Police', 'RETIRED', 57);
insert into officer (o_id, name, gender, email, phone, password, address, designation, status, s_id) values (11, 'Hope', 'Female', 'hbramonta@google.ca', '4404368693', 'iR8m1fB', '0 Iowa Circle', 'Inspector General of Police', 'ONDUTY', 96);
insert into officer (o_id, name, gender, email, phone, password, address, designation, status, s_id) values (12, 'Husain', 'Male', 'hmalsherb@thetimes.co.uk', '2385943562', 'Nlp30DJXWe', '384 Meadow Ridge Plaza', 'Director General of Police', 'RETIRED', 4);
insert into officer (o_id, name, gender, email, phone, password, address, designation, status, s_id) values (13, 'Basil', 'Male', 'bcottrellc@aboutads.info', '6076773057', '8uAJiSzaMP', '0862 Mcbride Junction', 'Constable', 'ONLEAVE', 41);
insert into officer (o_id, name, gender, email, phone, password, address, designation, status, s_id) values (14, 'Maren', 'Female', 'mkerrodd@indiegogo.com', '5503284532', 'wuyYNFaYcd', '1 Lukken Circle', 'Constable', 'ONDUTY', 63);
insert into officer (o_id, name, gender, email, phone, password, address, designation, status, s_id) values (15, 'Myrle', 'Female', 'mtarbete@canalblog.com', '6524277515', 'es8W8b', '3198 Havey Plaza', 'Asst. Sub. Inspector', 'ONLEAVE', 13);
insert into officer (o_id, name, gender, email, phone, password, address, designation, status, s_id) values (16, 'Adriano', 'Male', 'amarchettif@google.com', '9081139218', 'brYfEtnG2v', '6521 Basil Point', 'Asst.Commissioner of Police', 'RETIRED', 51);
insert into officer (o_id, name, gender, email, phone, password, address, designation, status, s_id) values (17, 'Isadora', 'Female', 'iglassoppg@buzzfeed.com', '5764301367', 'f2WFANrBVFG', '469 Acker Pass', 'Addl. Director General of Police', 'ONDUTY', 5);
insert into officer (o_id, name, gender, email, phone, password, address, designation, status, s_id) values (18, 'Vanny', 'Female', 'voppyh@etsy.com', '1764157669', 'SJuOxk3', '369 Heffernan Road', 'Director General of Police', 'RETIRED', 45);
insert into officer (o_id, name, gender, email, phone, password, address, designation, status, s_id) values (19, 'Lexie', 'Female', 'llewsleyi@senate.gov', '1708749703', 'ibcVdW', '14 Hagan Road', 'Inspector of Police', 'RETIRED', 28);
insert into officer (o_id, name, gender, email, phone, password, address, designation, status, s_id) values (20, 'Kent', 'Male', 'kguthriej@un.org', '7672805463', 'uZtl4OhQIO', '9671 Merry Terrace', 'Addl. Director General of Police', 'ONLEAVE', 29);
insert into officer (o_id, name, gender, email, phone, password, address, designation, status, s_id) values (21, 'Dalila', 'Female', 'dsteffank@feedburner.com', '7812715554', 'EZsFcDKxV', '95 Darwin Hill', 'Director General of Police', 'ONLEAVE', 18);
insert into officer (o_id, name, gender, email, phone, password, address, designation, status, s_id) values (22, 'Drud', 'Male', 'dtinhaml@blogs.com', '8214982368', 'k9lwJI6b9OnT', '0862 Goodland Center', 'Inspector of Police', 'RETIRED', 99);
insert into officer (o_id, name, gender, email, phone, password, address, designation, status, s_id) values (23, 'Lucien', 'Male', 'lkrautm@lulu.com', '7654204117', 'Cb5PaUkXgK5x', '04 Marquette Crossing', 'Asst.Commissioner of Police', 'ONDUTY', 3);
insert into officer (o_id, name, gender, email, phone, password, address, designation, status, s_id) values (24, 'Skylar', 'Male', 'sfarnesn@mapy.cz', '9995083003', 'qoLuY0ycbBPa', '5 Main Place', 'Lance Naik', 'ONDUTY', 58);
insert into officer (o_id, name, gender, email, phone, password, address, designation, status, s_id) values (25, 'Franklin', 'Male', 'fblonfieldo@shop-pro.jp', '6876866557', 'TTgRD4l2ddoi', '705 Dwight Center', 'Deputy Inspector General of Police	', 'ONLEAVE', 64);
insert into officer (o_id, name, gender, email, phone, password, address, designation, status, s_id) values (26, 'Erskine', 'Male', 'esimysonp@netscape.com', '1456488463', 'dEybJ74m', '4045 Reindahl Point', 'Lance Naik', 'RETIRED', 18);
insert into officer (o_id, name, gender, email, phone, password, address, designation, status, s_id) values (27, 'Cobb', 'Male', 'cphipsonq@acquirethisname.com', '7809838865', 'do0iLA6', '2513 Express Drive', 'Addl. Deputy Commissioner of Police', 'ONDUTY', 19);
insert into officer (o_id, name, gender, email, phone, password, address, designation, status, s_id) values (28, 'Levy', 'Male', 'ldanetr@arizona.edu', '2749374489', 'Ak7t4Hc', '72 Lakewood Gardens Road', 'Deputy Commissioner of Police', 'ONDUTY', 77);
insert into officer (o_id, name, gender, email, phone, password, address, designation, status, s_id) values (29, 'Angelo', 'Male', 'aagiuss@stanford.edu', '3063486204', 'dIi1QpnAzhi', '8 Lakewood Way', 'Addl. Director General of Police', 'ONDUTY', 46);
insert into officer (o_id, name, gender, email, phone, password, address, designation, status, s_id) values (30, 'Rhody', 'Female', 'rguthersont@wikimedia.org', '9826126441', '1cFsDQmwqV', '191 Bluestem Park', 'Director General of Police', 'ONLEAVE', 98);
insert into officer (o_id, name, gender, email, phone, password, address, designation, status, s_id) values (31, 'Karisa', 'Female', 'kgorckeu@furl.net', '1084414165', 'xorLqnrWHqH9', '18283 Donald Terrace', 'Havildar', 'RETIRED', 96);
insert into officer (o_id, name, gender, email, phone, password, address, designation, status, s_id) values (32, 'Vernice', 'Female', 'vbourdisv@photobucket.com', '5926032157', 'hjq53bn7', '866 Laurel Hill', 'Constable', 'ONDUTY', 29);
insert into officer (o_id, name, gender, email, phone, password, address, designation, status, s_id) values (33, 'Myrwyn', 'Male', 'mnimmow@google.es', '6411603041', 'y7u77oN', '03039 La Follette Pass', 'Inspector General of Police', 'RETIRED', 95);
insert into officer (o_id, name, gender, email, phone, password, address, designation, status, s_id) values (34, 'Orelle', 'Female', 'oadamolix@myspace.com', '6112857202', 'RrLUI9nFrBq', '4 Chinook Avenue', 'Asst.Commissioner of Police', 'RETIRED', 70);
insert into officer (o_id, name, gender, email, phone, password, address, designation, status, s_id) values (35, 'Julianna', 'Female', 'jscorthorney@jalbum.net', '4069405717', 'p80zUxcp', '7 Monterey Road', 'Addl. Deputy Commissioner of Police', 'ONLEAVE', 62);
insert into officer (o_id, name, gender, email, phone, password, address, designation, status, s_id) values (36, 'Vera', 'Female', 'vweedz@pcworld.com', '6476306562', 'Qjg3I1GI', '8257 Superior Street', 'Assistant Superintendent of Police', 'ONDUTY', 98);
insert into officer (o_id, name, gender, email, phone, password, address, designation, status, s_id) values (37, 'Randell', 'Male', 'rdyott10@over-blog.com', '5612323198', 'q1SK2lpX', '31062 Mcguire Court', 'Havildar', 'RETIRED', 37);
insert into officer (o_id, name, gender, email, phone, password, address, designation, status, s_id) values (38, 'Uta', 'Female', 'ucampsall11@barnesandnoble.com', '1166243032', '12M7F1teEw', '15700 Acker Park', 'Deputy Inspector General of Police	', 'RETIRED', 88);
insert into officer (o_id, name, gender, email, phone, password, address, designation, status, s_id) values (39, 'Lauritz', 'Male', 'lpardie12@nature.com', '4481336461', 'kwR7dvrl', '4886 Dapin Parkway', 'Sub Inspector of Police', 'ONDUTY', 47);
insert into officer (o_id, name, gender, email, phone, password, address, designation, status, s_id) values (40, 'Seymour', 'Male', 'smunns13@globo.com', '4902422500', 'Pk4lk709', '06010 Browning Point', 'Asst.Commissioner of Police', 'ONLEAVE', 43);
insert into officer (o_id, name, gender, email, phone, password, address, designation, status, s_id) values (41, 'Dahlia', 'Female', 'dduckwith14@moonfruit.com', '5717357591', 'jDUwpjZ4Fc', '656 Banding Plaza', 'Sub Inspector of Police', 'ONDUTY', 87);
insert into officer (o_id, name, gender, email, phone, password, address, designation, status, s_id) values (42, 'Hana', 'Female', 'htanner15@time.com', '4502114973', 'hi6kugB2s', '632 Cody Place', 'Sub Inspector of Police', 'ONLEAVE', 3);
insert into officer (o_id, name, gender, email, phone, password, address, designation, status, s_id) values (43, 'Fedora', 'Female', 'ftamsett16@zdnet.com', '7817839534', 'gEXQZXKgGEY', '77 Judy Trail', 'Director General of Police', 'RETIRED', 1);
insert into officer (o_id, name, gender, email, phone, password, address, designation, status, s_id) values (44, 'Mendy', 'Male', 'mlomax17@github.com', '8903760543', '0b2DxPXnJr', '8 Lindbergh Terrace', 'Inspector General of Police', 'ONLEAVE', 86);
insert into officer (o_id, name, gender, email, phone, password, address, designation, status, s_id) values (45, 'Marc', 'Male', 'mdrysdall18@bravesites.com', '1196154645', 'IoJhmHXphy', '15 Laurel Park', 'Asst. Sub. Inspector', 'ONLEAVE', 22);
insert into officer (o_id, name, gender, email, phone, password, address, designation, status, s_id) values (46, 'Redford', 'Male', 'rgavaghan19@nyu.edu', '8412947994', 'Ar4D4MB', '94338 Melrose Crossing', 'Director General of Police', 'ONDUTY', 11);
insert into officer (o_id, name, gender, email, phone, password, address, designation, status, s_id) values (47, 'Allyson', 'Female', 'amcquorkell1a@skype.com', '2616404675', 'xpvnnxS', '8 Pennsylvania Terrace', 'Havildar', 'ONDUTY', 57);
insert into officer (o_id, name, gender, email, phone, password, address, designation, status, s_id) values (48, 'Etty', 'Female', 'edignall1b@noaa.gov', '8816026543', 'hWtf2cMc4u6', '26762 Fair Oaks Place', 'Havildar', 'ONLEAVE', 99);
insert into officer (o_id, name, gender, email, phone, password, address, designation, status, s_id) values (49, 'Johnna', 'Female', 'jfurzey1c@ask.com', '5381627466', 'gLGDHaYo', '60611 Crest Line Lane', 'Inspector of Police', 'ONDUTY', 77);
insert into officer (o_id, name, gender, email, phone, password, address, designation, status, s_id) values (50, 'Peirce', 'Male', 'pastill1d@angelfire.com', '5578922186', 'rwOUo4KWPtQ', '5316 Welch Pass', 'Addl. Deputy Commissioner of Police', 'RETIRED', 72);
insert into officer (o_id, name, gender, email, phone, password, address, designation, status, s_id) values (51, 'Alikee', 'Female', 'arossbrooke1e@comcast.net', '1157572153', '5WwSo0l', '7 Towne Street', 'Addl. Director General of Police', 'ONDUTY', 71);
insert into officer (o_id, name, gender, email, phone, password, address, designation, status, s_id) values (52, 'Maynard', 'Male', 'mgiblett1f@nsw.gov.au', '6552244610', 'I2jcm81CQ91', '56331 Summer Ridge Parkway', 'Deputy Commissioner of Police', 'RETIRED', 30);
insert into officer (o_id, name, gender, email, phone, password, address, designation, status, s_id) values (53, 'Gerrilee', 'Female', 'gternott1g@cafepress.com', '2311520407', 'dxn5Ba', '314 Chinook Avenue', 'Sub Inspector of Police', 'ONDUTY', 62);
insert into officer (o_id, name, gender, email, phone, password, address, designation, status, s_id) values (54, 'Yolanda', 'Female', 'ypeeke1h@hibu.com', '5817578606', 'PK5IlCitsHhC', '75197 Shopko Court', 'Sub Inspector of Police', 'ONLEAVE', 100);
insert into officer (o_id, name, gender, email, phone, password, address, designation, status, s_id) values (55, 'Roze', 'Female', 'rtiernan1i@twitter.com', '2839608784', 'yPrsW4We', '01 Northwestern Crossing', 'Assistant Superintendent of Police', 'ONLEAVE', 22);
insert into officer (o_id, name, gender, email, phone, password, address, designation, status, s_id) values (56, 'Neill', 'Male', 'ngeorgot1j@bigcartel.com', '2115595936', 'LMlfhLNNZdr', '1 Vera Road', 'Addl. Deputy Commissioner of Police', 'ONDUTY', 49);
insert into officer (o_id, name, gender, email, phone, password, address, designation, status, s_id) values (57, 'Keelby', 'Male', 'ksteabler1k@elegantthemes.com', '1044478651', 'iIrffKiXy', '59403 Mesta Way', 'Asst. Sub. Inspector', 'RETIRED', 31);
insert into officer (o_id, name, gender, email, phone, password, address, designation, status, s_id) values (58, 'Cole', 'Male', 'ccoultas1l@ft.com', '5027577411', 'dQeXpjL6d', '836 Loeprich Junction', 'Havildar', 'RETIRED', 52);
insert into officer (o_id, name, gender, email, phone, password, address, designation, status, s_id) values (59, 'Henrik', 'Male', 'hstocking1m@hubpages.com', '3678401180', 'tmvAxy2jos', '6 Chinook Park', 'Constable', 'ONDUTY', 17);
insert into officer (o_id, name, gender, email, phone, password, address, designation, status, s_id) values (60, 'Nahum', 'Male', 'ncolgan1n@redcross.org', '1103712779', 'Z0fuD9T2W96', '8 Carpenter Avenue', 'Addl. Deputy Commissioner of Police', 'RETIRED', 28);
insert into officer (o_id, name, gender, email, phone, password, address, designation, status, s_id) values (61, 'Vaughn', 'Male', 'vrogan1o@gravatar.com', '6153659408', 'wiqFg1H', '8209 Hooker Hill', 'Constable', 'RETIRED', 90);
insert into officer (o_id, name, gender, email, phone, password, address, designation, status, s_id) values (62, 'Keary', 'Male', 'kbehr1p@hatena.ne.jp', '2916008578', 'WhYNF9Z', '2 Division Alley', 'Deputy Commissioner of Police', 'ONLEAVE', 41);
insert into officer (o_id, name, gender, email, phone, password, address, designation, status, s_id) values (63, 'Helga', 'Female', 'hgapper1q@icq.com', '3236406500', 'w2b4BKsVaPfA', '91770 Bayside Parkway', 'Addl. Deputy Commissioner of Police', 'RETIRED', 23);
insert into officer (o_id, name, gender, email, phone, password, address, designation, status, s_id) values (64, 'Dallon', 'Male', 'dcherry1r@altervista.org', '1696237607', 'jhyoDtFucVqT', '1 Sachs Hill', 'Deputy Commissioner of Police', 'ONDUTY', 87);
insert into officer (o_id, name, gender, email, phone, password, address, designation, status, s_id) values (65, 'Romeo', 'Male', 'rwinkell1s@usa.gov', '3184536012', 'KX9VmWz0I', '80749 Sunnyside Avenue', 'Asst.Commissioner of Police', 'RETIRED', 81);
insert into officer (o_id, name, gender, email, phone, password, address, designation, status, s_id) values (66, 'Kermit', 'Male', 'kchin1t@nymag.com', '2236873230', 'uQ5EBN', '220 Di Loreto Trail', 'Inspector of Police', 'ONDUTY', 93);
insert into officer (o_id, name, gender, email, phone, password, address, designation, status, s_id) values (67, 'Law', 'Male', 'lhydechambers1u@blogger.com', '3303050517', 'drWEnhHgMJ9m', '445 Rieder Court', 'Constable', 'ONDUTY', 89);
insert into officer (o_id, name, gender, email, phone, password, address, designation, status, s_id) values (68, 'Scotty', 'Male', 'strimbey1v@stanford.edu', '9884407527', 'ZFhTk76gc', '14048 Troy Crossing', 'Havildar', 'ONLEAVE', 2);
insert into officer (o_id, name, gender, email, phone, password, address, designation, status, s_id) values (69, 'Dunn', 'Male', 'dbuttler1w@jimdo.com', '4207884786', 'ZIIDlkWFE', '00 Texas Avenue', 'Lance Naik', 'RETIRED', 89);
insert into officer (o_id, name, gender, email, phone, password, address, designation, status, s_id) values (70, 'Thia', 'Female', 'tdyke1x@google.com', '9699798258', 'eoAvkBG', '8 Brown Plaza', 'Havildar', 'ONDUTY', 77);
insert into officer (o_id, name, gender, email, phone, password, address, designation, status, s_id) values (71, 'Robert', 'Male', 'rbramall1y@elpais.com', '5967600819', 'wsl4SkA', '6 1st Crossing', 'Addl. Deputy Commissioner of Police', 'ONDUTY', 1);
insert into officer (o_id, name, gender, email, phone, password, address, designation, status, s_id) values (72, 'Raymond', 'Male', 'rbiglin1z@blogtalkradio.com', '1656518261', 'pbn0xzx', '17 Dixon Junction', 'Addl. Director General of Police', 'ONDUTY', 98);
insert into officer (o_id, name, gender, email, phone, password, address, designation, status, s_id) values (73, 'Kaylil', 'Female', 'kgandy20@storify.com', '1537820848', 'xxGyKKm9', '8264 Pearson Avenue', 'Deputy Commissioner of Police', 'ONDUTY', 34);
insert into officer (o_id, name, gender, email, phone, password, address, designation, status, s_id) values (74, 'Gertrudis', 'Female', 'gneeves21@va.gov', '3269944026', 'tRhJRWsLyOo', '49035 Clarendon Road', 'Deputy Commissioner of Police', 'RETIRED', 53);
insert into officer (o_id, name, gender, email, phone, password, address, designation, status, s_id) values (75, 'Adria', 'Female', 'avanyushin22@npr.org', '2537794530', '3u2VOD2yk', '4343 Continental Alley', 'Deputy Commissioner of Police', 'RETIRED', 18);
insert into officer (o_id, name, gender, email, phone, password, address, designation, status, s_id) values (76, 'Amaleta', 'Female', 'arobard23@va.gov', '3738751663', 'o6t7tpjB8W', '158 Thierer Road', 'Constable', 'RETIRED', 50);
insert into officer (o_id, name, gender, email, phone, password, address, designation, status, s_id) values (77, 'Cherlyn', 'Female', 'cgraysmark24@indiatimes.com', '1023114979', 'DXa6bo', '51 Pankratz Plaza', 'Sub Inspector of Police', 'RETIRED', 68);
insert into officer (o_id, name, gender, email, phone, password, address, designation, status, s_id) values (78, 'Giorgia', 'Female', 'gboone25@fc2.com', '4914137607', '0pvrPKPkm55', '29331 Scofield Road', 'Assistant Superintendent of Police', 'ONLEAVE', 51);
insert into officer (o_id, name, gender, email, phone, password, address, designation, status, s_id) values (79, 'Lorraine', 'Female', 'lmurrow26@soundcloud.com', '5835377217', 'YqqtnWsuoL', '040 Mariners Cove Plaza', 'Director General of Police', 'RETIRED', 79);
insert into officer (o_id, name, gender, email, phone, password, address, designation, status, s_id) values (80, 'Valentijn', 'Male', 'vcreswell27@nifty.com', '3705304409', 'r86YcS', '49 Gina Court', 'Asst. Sub. Inspector', 'ONDUTY', 92);
insert into officer (o_id, name, gender, email, phone, password, address, designation, status, s_id) values (81, 'Myca', 'Male', 'mcleator28@google.ru', '6091772941', 'SRKsZFEn9c', '83383 Manufacturers Place', 'Inspector General of Police', 'ONDUTY', 70);
insert into officer (o_id, name, gender, email, phone, password, address, designation, status, s_id) values (82, 'Sharlene', 'Female', 'sdebeauchemp29@photobucket.com', '6106261617', 'TjCKJNZSN4', '3610 American Circle', 'Inspector General of Police', 'ONLEAVE', 38);
insert into officer (o_id, name, gender, email, phone, password, address, designation, status, s_id) values (83, 'Thorsten', 'Male', 'tport2a@ebay.com', '9877062847', 'OBu7aTPtoQQv', '79514 Manitowish Street', 'Inspector General of Police', 'RETIRED', 51);
insert into officer (o_id, name, gender, email, phone, password, address, designation, status, s_id) values (84, 'Dot', 'Female', 'ddunk2b@dion.ne.jp', '3016905204', 'c9buHEL', '62955 Elmside Plaza', 'Addl. Deputy Commissioner of Police', 'RETIRED', 39);
insert into officer (o_id, name, gender, email, phone, password, address, designation, status, s_id) values (85, 'Geri', 'Female', 'gshovell2c@devhub.com', '7443669353', '3MORFa', '85 Eagan Terrace', 'Lance Naik', 'ONDUTY', 36);
insert into officer (o_id, name, gender, email, phone, password, address, designation, status, s_id) values (86, 'Noah', 'Male', 'nbladon2d@tinyurl.com', '5798878122', 'La5hU9q1iXN', '2 Donald Circle', 'Director General of Police', 'RETIRED', 76);
insert into officer (o_id, name, gender, email, phone, password, address, designation, status, s_id) values (87, 'Antonius', 'Male', 'amacenelly2e@geocities.jp', '1245733756', 'WGpCi2lw', '126 Chinook Drive', 'Havildar', 'ONLEAVE', 33);
insert into officer (o_id, name, gender, email, phone, password, address, designation, status, s_id) values (88, 'Kristyn', 'Female', 'kriccardo2f@booking.com', '3033083898', 'kR762Vv5L', '0 Rieder Street', 'Deputy Commissioner of Police', 'RETIRED', 93);
insert into officer (o_id, name, gender, email, phone, password, address, designation, status, s_id) values (89, 'Ryan', 'Male', 'rhyatt2g@drupal.org', '8595321327', 'GzDB25FguD', '8 Del Sol Street', 'Asst. Sub. Inspector', 'RETIRED', 32);
insert into officer (o_id, name, gender, email, phone, password, address, designation, status, s_id) values (90, 'Orrin', 'Male', 'olachaize2h@pinterest.com', '4652215934', 'CUYlfbo2', '16018 Autumn Leaf Terrace', 'Deputy Commissioner of Police', 'RETIRED', 5);
insert into officer (o_id, name, gender, email, phone, password, address, designation, status, s_id) values (91, 'Sibbie', 'Female', 'sstaining2i@deliciousdays.com', '1101265361', 'GVhxkHdEPG', '5213 Macpherson Way', 'Deputy Inspector General of Police	', 'ONLEAVE', 34);
insert into officer (o_id, name, gender, email, phone, password, address, designation, status, s_id) values (92, 'Harmony', 'Female', 'hdiggar2j@dailymail.co.uk', '5055308010', 'buqJZRrK', '4 Quincy Circle', 'Director General of Police', 'ONLEAVE', 39);
insert into officer (o_id, name, gender, email, phone, password, address, designation, status, s_id) values (93, 'Micheline', 'Female', 'mpolk2k@com.com', '4826360553', 'XIcfd8M', '737 Rutledge Crossing', 'Sub Inspector of Police', 'ONLEAVE', 22);
insert into officer (o_id, name, gender, email, phone, password, address, designation, status, s_id) values (94, 'Casper', 'Male', 'cmateja2l@shinystat.com', '7261363407', 'C0SWEoN', '95408 Logan Drive', 'Asst. Sub. Inspector', 'RETIRED', 11);
insert into officer (o_id, name, gender, email, phone, password, address, designation, status, s_id) values (95, 'Janaye', 'Female', 'jubank2m@constantcontact.com', '1418282606', 'gfuIbiZR33FQ', '7 2nd Parkway', 'Addl. Director General of Police', 'ONDUTY', 50);
insert into officer (o_id, name, gender, email, phone, password, address, designation, status, s_id) values (96, 'Esme', 'Female', 'enellen2n@tamu.edu', '4168071295', 'sNfn1ZLNdav7', '4529 Vermont Crossing', 'Director General of Police', 'ONLEAVE', 10);
insert into officer (o_id, name, gender, email, phone, password, address, designation, status, s_id) values (97, 'Erena', 'Female', 'epeteri2o@so-net.ne.jp', '8318144297', '0x9kE4', '939 Ryan Avenue', 'Asst. Sub. Inspector', 'ONLEAVE', 34);
insert into officer (o_id, name, gender, email, phone, password, address, designation, status, s_id) values (98, 'Hilary', 'Male', 'hpearde2p@ovh.net', '5506954252', 'QN1ZALEo8E', '81621 Claremont Road', 'Constable', 'ONDUTY', 11);
insert into officer (o_id, name, gender, email, phone, password, address, designation, status, s_id) values (99, 'Nick', 'Male', 'nconisbee2q@pinterest.com', '2173580072', 'MufmoFHO3NP', '3 Myrtle Trail', 'Asst.Commissioner of Police', 'RETIRED', 49);
insert into officer (o_id, name, gender, email, phone, password, address, designation, status, s_id) values (100, 'Rhona', 'Female', 'rorry2r@umich.edu', '9984735280', 'xRpyXBUsbFsk', '43 Boyd Way', 'Asst.Commissioner of Police', 'ONDUTY', 50);


create table `victims`(
  `v_id` varchar(10) NOT NULL PRIMARY KEY,
  `name` varchar(100) NOT NULL,
  `gender` varchar(10) NOT NULL,
  `aadhar_id` bigint NOT NULL,
  `email` varchar(100) NOT NULL,
  `phone` varchar(20) NOT NULL,
  `password` varchar(20) NOT NULL,
  `address` varchar(50) NOT NULL,
  `age` varchar(10) NOT NULL
);

insert into victims (v_id, name, gender, aadhar_id, email, phone, password, address, age) values (1, 'Wain', 'Male', 15383633332, 'wvala0@quantcast.com', '4053983341', '2UQPib', '00598 Ryan Junction', 35);
insert into victims (v_id, name, gender, aadhar_id, email, phone, password, address, age) values (2, 'Avery', 'Male', 914072720920, 'ashoute1@techcrunch.com', '9356279866', 'NE48x9', '0 Mandrake Trail', 62);
insert into victims (v_id, name, gender, aadhar_id, email, phone, password, address, age) values (3, 'Jere', 'Female', 241220781366, 'jtirone2@cloudflare.com', '3321121563', '683n5g', '593 Michigan Junction', 33);
insert into victims (v_id, name, gender, aadhar_id, email, phone, password, address, age) values (4, 'Burch', 'Male', 947862212015, 'bstather3@nih.gov', '1954235106', 'JNHZA1', '6959 Eagle Crest Drive', 65);
insert into victims (v_id, name, gender, aadhar_id, email, phone, password, address, age) values (5, 'Chan', 'Male', 863339579222, 'ccregin4@pcworld.com', '9205252181', 'Sj3I6Z5nWOX', '14287 Gulseth Parkway', 48);
insert into victims (v_id, name, gender, aadhar_id, email, phone, password, address, age) values (6, 'Kylie', 'Female', 107923855231, 'kmitchley5@hc360.com', '3277840306', 'X8gOrIh', '8 Melvin Trail', 23);
insert into victims (v_id, name, gender, aadhar_id, email, phone, password, address, age) values (7, 'Raphael', 'Male', 767832934566, 'rtwitchett6@engadget.com', '1285518921', 'vrknYkPev', '07656 Ridgeway Place', 60);
insert into victims (v_id, name, gender, aadhar_id, email, phone, password, address, age) values (8, 'Ev', 'Male', 441927974875, 'esailor7@mediafire.com', '1211921779', '15NTk7JnGL', '07810 Sullivan Drive', 55);
insert into victims (v_id, name, gender, aadhar_id, email, phone, password, address, age) values (9, 'Cyrus', 'Male', 517846274906, 'cvanderkrui8@sun.com', '3496312338', 'rcZYZZX', '56 Waxwing Junction', 69);
insert into victims (v_id, name, gender, aadhar_id, email, phone, password, address, age) values (10, 'Libbie', 'Female', 298085788024, 'lshaefer9@bing.com', '4813308967', 'TPm3vclq', '6 Kensington Court', 30);
insert into victims (v_id, name, gender, aadhar_id, email, phone, password, address, age) values (11, 'Tamma', 'Female', 508419546122, 'twickwartha@cbsnews.com', '4935992318', '6DkzWV', '8932 Oak Valley Trail', 69);
insert into victims (v_id, name, gender, aadhar_id, email, phone, password, address, age) values (12, 'Bernardo', 'Male', 828434531035, 'bliverseegeb@sourceforge.net', '5597572981', 'DprMBriFv', '39 Ilene Center', 63);
insert into victims (v_id, name, gender, aadhar_id, email, phone, password, address, age) values (13, 'Lottie', 'Female', 600303834046, 'lbrameltc@foxnews.com', '1158507129', '3wNJvUON', '523 Hintze Road', 31);
insert into victims (v_id, name, gender, aadhar_id, email, phone, password, address, age) values (14, 'Hatty', 'Female', 605335438169, 'htrinderd@trellian.com', '1835700235', 'X0DVTH', '133 Eggendart Drive', 43);
insert into victims (v_id, name, gender, aadhar_id, email, phone, password, address, age) values (15, 'Ulberto', 'Male', 431698562236, 'ukettse@unblog.fr', '6421728936', 'Jl74L1', '37978 Merry Drive', 40);
insert into victims (v_id, name, gender, aadhar_id, email, phone, password, address, age) values (16, 'Roselia', 'Female', 872287225441, 'rrobertaccif@aboutads.info', '5946035407', 'gnBscbI', '689 Waxwing Alley', 56);
insert into victims (v_id, name, gender, aadhar_id, email, phone, password, address, age) values (17, 'Benson', 'Male', 834940461847, 'bwalleyg@deliciousdays.com', '6048975595', 'aB1Fuizce', '35800 Westport Lane', 53);
insert into victims (v_id, name, gender, aadhar_id, email, phone, password, address, age) values (18, 'Jeanne', 'Female', 367998568389, 'jsteagallh@imgur.com', '7358656773', 'cYgh6ikx7C', '51334 Buena Vista Court', 52);
insert into victims (v_id, name, gender, aadhar_id, email, phone, password, address, age) values (19, 'Jules', 'Male', 181273180630, 'jkratesi@godaddy.com', '1148071465', 'WQeQ08t', '2071 Vermont Court', 61);
insert into victims (v_id, name, gender, aadhar_id, email, phone, password, address, age) values (20, 'Conny', 'Female', 496263328234, 'ccarlj@elegantthemes.com', '8688169474', 'NT8mAYYFAoY', '2 Annamark Drive', 51);
insert into victims (v_id, name, gender, aadhar_id, email, phone, password, address, age) values (21, 'Booth', 'Male', 955080268487, 'biacovonek@blogtalkradio.com', '2479551921', 'qg1onK', '2017 Fulton Lane', 38);
insert into victims (v_id, name, gender, aadhar_id, email, phone, password, address, age) values (22, 'Wren', 'Female', 618135178087, 'wfreakel@yandex.ru', '7978665784', 'cZPMLNA91JLw', '26 Swallow Junction', 57);
insert into victims (v_id, name, gender, aadhar_id, email, phone, password, address, age) values (23, 'Indira', 'Female', 644768502982, 'icordelettem@weather.com', '9546025358', 'nPo3fIFYuw', '51454 Kensington Road', 65);
insert into victims (v_id, name, gender, aadhar_id, email, phone, password, address, age) values (24, 'Aeriell', 'Female', 152648077812, 'asteann@biblegateway.com', '2813764013', '3l1Dx01OL', '0754 Walton Junction', 20);
insert into victims (v_id, name, gender, aadhar_id, email, phone, password, address, age) values (25, 'Allissa', 'Female', 465963435450, 'aledwitho@ehow.com', '5984935415', 'ONjVjEg', '24674 Claremont Street', 55);
insert into victims (v_id, name, gender, aadhar_id, email, phone, password, address, age) values (26, 'Gene', 'Male', 81616081889, 'glondorsp@nbcnews.com', '9912295239', 'YWPpUHo5', '6287 School Plaza', 27);
insert into victims (v_id, name, gender, aadhar_id, email, phone, password, address, age) values (27, 'Codie', 'Female', 49871986760, 'cborrellq@artisteer.com', '7773414311', 'KS5VgrxZdOxJ', '18320 Rigney Way', 54);
insert into victims (v_id, name, gender, aadhar_id, email, phone, password, address, age) values (28, 'Lucienne', 'Female', 616086983971, 'lsemeradovar@psu.edu', '4049513498', 'ugacy6alCC', '5 Elka Crossing', 52);
insert into victims (v_id, name, gender, aadhar_id, email, phone, password, address, age) values (29, 'Falkner', 'Male', 815106785049, 'fchomiszewskis@phpbb.com', '9863590798', 'KfPru4oBxXw', '407 Golf Street', 49);
insert into victims (v_id, name, gender, aadhar_id, email, phone, password, address, age) values (30, 'Maddy', 'Male', 453559703097, 'mkennert@prlog.org', '5079262653', 'nvWNzlH', '77 7th Avenue', 20);
insert into victims (v_id, name, gender, aadhar_id, email, phone, password, address, age) values (31, 'Bessie', 'Female', 203115006388, 'bscarfeu@usnews.com', '6867060710', 'rICmAqk', '39552 Blue Bill Park Crossing', 30);
insert into victims (v_id, name, gender, aadhar_id, email, phone, password, address, age) values (32, 'Esther', 'Female', 271892087886, 'euwinsv@joomla.org', '9091550386', 't4ewdx', '1940 South Street', 57);
insert into victims (v_id, name, gender, aadhar_id, email, phone, password, address, age) values (33, 'Natalina', 'Female', 937781901742, 'nvittetw@bloglines.com', '4047920977', '9xgU64LQm', '7 Troy Pass', 50);
insert into victims (v_id, name, gender, aadhar_id, email, phone, password, address, age) values (34, 'Leonore', 'Female', 685041348066, 'lshailerx@jalbum.net', '1628906456', 'wwKQve8eJ', '20 Nelson Street', 54);
insert into victims (v_id, name, gender, aadhar_id, email, phone, password, address, age) values (35, 'Abbey', 'Male', 55563456472, 'aderechtery@discuz.net', '3586596696', 'Q6sJzd1Hlf', '46240 Golf Trail', 25);
insert into victims (v_id, name, gender, aadhar_id, email, phone, password, address, age) values (36, 'Lorena', 'Female', 648550904880, 'lbenittiz@etsy.com', '9515355386', 'FlfNqnPY9ZJ8', '02237 Golf View Place', 61);
insert into victims (v_id, name, gender, aadhar_id, email, phone, password, address, age) values (37, 'Ronny', 'Male', 499214734469, 'raicheson10@sakura.ne.jp', '7332129671', 'BBo7Ls4z', '710 Anniversary Place', 30);
insert into victims (v_id, name, gender, aadhar_id, email, phone, password, address, age) values (38, 'Sylvan', 'Male', 209176501225, 'sgoble11@mac.com', '7702235071', 'rU9QbKkHRe', '605 Arkansas Drive', 24);
insert into victims (v_id, name, gender, aadhar_id, email, phone, password, address, age) values (39, 'Margeaux', 'Female', 17023018643, 'mellard12@berkeley.edu', '8003886971', 'fS5uyuIh', '61 Boyd Circle', 38);
insert into victims (v_id, name, gender, aadhar_id, email, phone, password, address, age) values (40, 'Danyelle', 'Female', 330347421405, 'dliddiatt13@tumblr.com', '6524234175', 'q9R8jyqbE', '584 Rieder Pass', 38);
insert into victims (v_id, name, gender, aadhar_id, email, phone, password, address, age) values (41, 'Augusto', 'Male', 562035205927, 'awhitfield14@usnews.com', '9161799921', 'WFp8bnqLd', '675 West Circle', 43);
insert into victims (v_id, name, gender, aadhar_id, email, phone, password, address, age) values (42, 'Camey', 'Male', 440475811108, 'cfishly15@bing.com', '3348808046', 'eGMTqTJbiGbH', '73934 Dorton Parkway', 34);
insert into victims (v_id, name, gender, aadhar_id, email, phone, password, address, age) values (43, 'Matias', 'Male', 196639153564, 'mstubbins16@studiopress.com', '4291616323', 'diqsDq22O', '6130 Saint Paul Center', 61);
insert into victims (v_id, name, gender, aadhar_id, email, phone, password, address, age) values (44, 'Meghan', 'Female', 190132594382, 'mfowlestone17@yellowpages.com', '2652041061', 'DmZuTs', '1363 Eastlawn Drive', 23);
insert into victims (v_id, name, gender, aadhar_id, email, phone, password, address, age) values (45, 'Letizia', 'Female', 498818651574, 'lsweetnam18@oracle.com', '1586612501', 'BRp4DXvc8E', '00 North Circle', 35);
insert into victims (v_id, name, gender, aadhar_id, email, phone, password, address, age) values (46, 'Lucine', 'Female', 60523059070, 'lcuttings19@istockphoto.com', '2576665364', 'U9gNVnG', '313 Carey Road', 58);
insert into victims (v_id, name, gender, aadhar_id, email, phone, password, address, age) values (47, 'Edwin', 'Male', 348930302537, 'efanthom1a@timesonline.co.uk', '7533682502', 'vmiEqZRThLS', '671 Commercial Junction', 31);
insert into victims (v_id, name, gender, aadhar_id, email, phone, password, address, age) values (48, 'Marylynne', 'Female', 348608040593, 'mverrechia1b@nba.com', '1423281662', 'JwBIYIf', '0874 Sycamore Way', 28);
insert into victims (v_id, name, gender, aadhar_id, email, phone, password, address, age) values (49, 'Anders', 'Male', 706889321107, 'afacher1c@yelp.com', '5993817952', 'KBZZsiN', '38 Corben Plaza', 54);
insert into victims (v_id, name, gender, aadhar_id, email, phone, password, address, age) values (50, 'Patrice', 'Male', 324118288354, 'phowlett1d@about.me', '7378801612', 'M9gHvB', '926 Prairie Rose Place', 49);
insert into victims (v_id, name, gender, aadhar_id, email, phone, password, address, age) values (51, 'Calypso', 'Female', 27908024532, 'csuccamore1e@furl.net', '4877000824', 'GmIpaWY', '2 Artisan Alley', 68);
insert into victims (v_id, name, gender, aadhar_id, email, phone, password, address, age) values (52, 'Arvie', 'Male', 774978204501, 'agillespey1f@sakura.ne.jp', '6946005219', 'jrkS4moeYc8', '8 Chinook Lane', 70);
insert into victims (v_id, name, gender, aadhar_id, email, phone, password, address, age) values (53, 'Farand', 'Female', 657280165742, 'fantal1g@ning.com', '3051159113', 'tiqiMTA', '10749 Almo Trail', 41);
insert into victims (v_id, name, gender, aadhar_id, email, phone, password, address, age) values (54, 'Blithe', 'Female', 352352358044, 'beverton1h@geocities.com', '7283590787', 'roNRP8w', '91779 Briar Crest Road', 45);
insert into victims (v_id, name, gender, aadhar_id, email, phone, password, address, age) values (55, 'Winfred', 'Male', 277988092575, 'wbazeley1i@businessweek.com', '8407577242', '7WgYMDSQs5v', '682 5th Plaza', 30);
insert into victims (v_id, name, gender, aadhar_id, email, phone, password, address, age) values (56, 'Babbette', 'Female', 470659433123, 'bbenion1j@hp.com', '3054824575', 'H3gDyI', '27 Hovde Pass', 34);
insert into victims (v_id, name, gender, aadhar_id, email, phone, password, address, age) values (57, 'Chandal', 'Female', 902374464191, 'cnightingale1k@nationalgeographic.com', '1194533537', 'Gj2QBmuuQ0e', '781 Stuart Alley', 49);
insert into victims (v_id, name, gender, aadhar_id, email, phone, password, address, age) values (58, 'Jarvis', 'Male', 995012071754, 'jscawn1l@mtv.com', '6709704751', 'VHUI0mr8P', '9 Loeprich Center', 60);
insert into victims (v_id, name, gender, aadhar_id, email, phone, password, address, age) values (59, 'Odelinda', 'Female', 269175947483, 'osaffin1m@wufoo.com', '3442429758', 'fzaXsCVrq1', '5 Hanson Parkway', 27);
insert into victims (v_id, name, gender, aadhar_id, email, phone, password, address, age) values (60, 'Spencer', 'Male', 795989323748, 'stopley1n@google.es', '1556099504', 'RKA9qZNXj1P', '44 Scoville Hill', 70);
insert into victims (v_id, name, gender, aadhar_id, email, phone, password, address, age) values (61, 'Barbee', 'Female', 661143820766, 'bburgill1o@hao123.com', '5641450586', 'dyufQW', '76 Mayer Avenue', 42);
insert into victims (v_id, name, gender, aadhar_id, email, phone, password, address, age) values (62, 'Gage', 'Male', 885682572231, 'ggye1p@typepad.com', '2566448219', 'Yq1VNB', '67339 Waxwing Street', 49);
insert into victims (v_id, name, gender, aadhar_id, email, phone, password, address, age) values (63, 'Vladamir', 'Male', 6934638688, 'vgirodias1q@sbwire.com', '5975830726', 'EofaGwe', '277 Sunbrook Street', 31);
insert into victims (v_id, name, gender, aadhar_id, email, phone, password, address, age) values (64, 'Tiffi', 'Female', 717599860343, 'tmatchell1r@nationalgeographic.com', '6753624828', 'HbSVlPGfCKhQ', '475 High Crossing Drive', 46);
insert into victims (v_id, name, gender, aadhar_id, email, phone, password, address, age) values (65, 'Giuditta', 'Female', 862558738347, 'gelven1s@fastcompany.com', '7741473412', 'oaGVowJiYrxb', '7798 8th Drive', 63);
insert into victims (v_id, name, gender, aadhar_id, email, phone, password, address, age) values (66, 'Stanton', 'Male', 798208467782, 'shatherall1t@bizjournals.com', '4756260614', 'kdvYaNIUTl', '67415 Ronald Regan Street', 44);
insert into victims (v_id, name, gender, aadhar_id, email, phone, password, address, age) values (67, 'Maxi', 'Female', 438930813888, 'mrule1u@so-net.ne.jp', '6145591536', 'gMh64O', '858 Schmedeman Court', 58);
insert into victims (v_id, name, gender, aadhar_id, email, phone, password, address, age) values (68, 'Doralyn', 'Female', 265970272037, 'dmcelory1v@csmonitor.com', '6506232070', 'RoFRhd', '49 Rieder Terrace', 67);
insert into victims (v_id, name, gender, aadhar_id, email, phone, password, address, age) values (69, 'Gal', 'Male', 786568812633, 'gpollok1w@tumblr.com', '2272078618', 'cXRZvLvLp', '5 Monterey Crossing', 29);
insert into victims (v_id, name, gender, aadhar_id, email, phone, password, address, age) values (70, 'Haven', 'Male', 47359229241, 'hbaiden1x@redcross.org', '1038301442', 'Z15BnvGYZRW', '8 Bowman Way', 61);
insert into victims (v_id, name, gender, aadhar_id, email, phone, password, address, age) values (71, 'Dudley', 'Male', 901932185671, 'dwillbraham1y@bandcamp.com', '1948130683', 'sXdAzSrSx', '7448 Warrior Point', 24);
insert into victims (v_id, name, gender, aadhar_id, email, phone, password, address, age) values (72, 'Munroe', 'Male', 821011890239, 'mtowey1z@miibeian.gov.cn', '6986949726', '639srjuUAqa', '5230 Twin Pines Trail', 37);
insert into victims (v_id, name, gender, aadhar_id, email, phone, password, address, age) values (73, 'Towney', 'Male', 478256871509, 'twharmby20@fda.gov', '4629557352', 'pgvgc09S', '4141 Truax Crossing', 57);
insert into victims (v_id, name, gender, aadhar_id, email, phone, password, address, age) values (74, 'Isador', 'Male', 129630784482, 'ialeksahkin21@netscape.com', '1791770840', '5S2RlCngmy', '0981 Hallows Terrace', 42);
insert into victims (v_id, name, gender, aadhar_id, email, phone, password, address, age) values (75, 'Wylma', 'Female', 975351220532, 'wwisbey22@yellowpages.com', '1839749881', 'Z4hKE3H1WzrL', '7 Canary Junction', 26);
insert into victims (v_id, name, gender, aadhar_id, email, phone, password, address, age) values (76, 'Ivie', 'Female', 785432591143, 'iharvard23@si.edu', '4965931599', 't4yzqffx0Bl', '903 Lyons Point', 32);
insert into victims (v_id, name, gender, aadhar_id, email, phone, password, address, age) values (77, 'Eustacia', 'Female', 612124399975, 'eworstall24@ehow.com', '3797900641', 'brYpyHBqYjW', '6 Mesta Circle', 58);
insert into victims (v_id, name, gender, aadhar_id, email, phone, password, address, age) values (78, 'Bertina', 'Female', 496146222248, 'bmargerison25@smugmug.com', '2907172438', '91OUBY6RwtE', '6 Hollow Ridge Alley', 48);
insert into victims (v_id, name, gender, aadhar_id, email, phone, password, address, age) values (79, 'Clemente', 'Male', 952364138345, 'ckeady26@bluehost.com', '9601582351', '8IwuYzgjPvg', '386 Park Meadow Lane', 24);
insert into victims (v_id, name, gender, aadhar_id, email, phone, password, address, age) values (80, 'Sauveur', 'Male', 864413557286, 'smoulder27@google.com.hk', '5732836183', 'kcYxxTvFsL', '71019 Waubesa Terrace', 46);
insert into victims (v_id, name, gender, aadhar_id, email, phone, password, address, age) values (81, 'Horacio', 'Male', 929650411030, 'hchansonne28@ocn.ne.jp', '8057844254', 'jHOAkXTIebUh', '769 Laurel Drive', 27);
insert into victims (v_id, name, gender, aadhar_id, email, phone, password, address, age) values (82, 'Carlen', 'Female', 353499228973, 'cdarcy29@opera.com', '7213048087', '8UKKFk011i', '09 Glacier Hill Circle', 55);
insert into victims (v_id, name, gender, aadhar_id, email, phone, password, address, age) values (83, 'Dorise', 'Female', 521641114301, 'dcankett2a@jalbum.net', '2704814678', 'Yi1EYnEtzTK4', '8 Veith Pass', 57);
insert into victims (v_id, name, gender, aadhar_id, email, phone, password, address, age) values (84, 'Barry', 'Female', 965378958864, 'bmenichini2b@wikimedia.org', '9185541545', 'lirmgsCx', '1 Prentice Avenue', 69);
insert into victims (v_id, name, gender, aadhar_id, email, phone, password, address, age) values (85, 'Peter', 'Male', 504226149802, 'pcrocombe2c@va.gov', '3227426577', 'bl7cBGRP', '83961 Boyd Court', 26);
insert into victims (v_id, name, gender, aadhar_id, email, phone, password, address, age) values (86, 'Shannon', 'Female', 767966074276, 'speto2d@typepad.com', '3707930528', 'YABYZOr3ZtQ', '5987 Pennsylvania Hill', 45);
insert into victims (v_id, name, gender, aadhar_id, email, phone, password, address, age) values (87, 'Dukey', 'Male', 675640734208, 'dcapper2e@howstuffworks.com', '9019135609', 'yO2A5Qs5zgM9', '70 Hanson Pass', 40);
insert into victims (v_id, name, gender, aadhar_id, email, phone, password, address, age) values (88, 'Shandra', 'Female', 609324083058, 'schampe2f@economist.com', '8534077452', 'wFA0PmLFZ', '6 Marcy Court', 64);
insert into victims (v_id, name, gender, aadhar_id, email, phone, password, address, age) values (89, 'Chet', 'Male', 144534167296, 'cbesse2g@sbwire.com', '6031687492', 'QZhSBRW14Gr', '884 Forster Pass', 38);
insert into victims (v_id, name, gender, aadhar_id, email, phone, password, address, age) values (90, 'Yuma', 'Male', 212261486012, 'ygarz2h@nasa.gov', '3124680817', 'Vsabii9OHiV', '044 Oneill Alley', 70);
insert into victims (v_id, name, gender, aadhar_id, email, phone, password, address, age) values (91, 'Torrance', 'Male', 444394163300, 'timason2i@booking.com', '4946841774', 'kgcR8i', '5317 Forster Junction', 37);
insert into victims (v_id, name, gender, aadhar_id, email, phone, password, address, age) values (92, 'Idelle', 'Female', 434664323699, 'ibraizier2j@desdev.cn', '5849199099', 'd6SskP', '12 Utah Pass', 34);
insert into victims (v_id, name, gender, aadhar_id, email, phone, password, address, age) values (93, 'Chico', 'Male', 808092121382, 'cbremeyer2k@nifty.com', '7881880923', 'nhFfTJTgcJC', '5621 Green Ridge Circle', 64);
insert into victims (v_id, name, gender, aadhar_id, email, phone, password, address, age) values (94, 'Adair', 'Male', 600345088732, 'ajelley2l@zdnet.com', '7636463677', 'bE2a7M1H', '86026 Dexter Parkway', 27);
insert into victims (v_id, name, gender, aadhar_id, email, phone, password, address, age) values (95, 'Harold', 'Male', 984099379640, 'hhowman2m@yale.edu', '6338570479', 'h5NhMzkqx86r', '99 Armistice Pass', 69);
insert into victims (v_id, name, gender, aadhar_id, email, phone, password, address, age) values (96, 'Yolande', 'Female', 684929694542, 'ynaisey2n@opensource.org', '9215893632', 'dbtF5m2wgKL8', '4 Elgar Crossing', 28);
insert into victims (v_id, name, gender, aadhar_id, email, phone, password, address, age) values (97, 'Thom', 'Male', 324596001102, 'tpuckrin2o@twitter.com', '5284497721', '2TEGyuzP', '81288 Canary Park', 36);
insert into victims (v_id, name, gender, aadhar_id, email, phone, password, address, age) values (98, 'Shalne', 'Female', 918537490502, 'smccowan2p@bloomberg.com', '6336652631', 'SJhoCm', '7 Bonner Plaza', 67);
insert into victims (v_id, name, gender, aadhar_id, email, phone, password, address, age) values (99, 'Julio', 'Male', 141372154309, 'jweildish2q@lycos.com', '7427422136', 'iTQVPkOk', '03 Barnett Crossing', 46);
insert into victims (v_id, name, gender, aadhar_id, email, phone, password, address, age) values (100, 'Nial', 'Male', 989791284626, 'npannaman2r@ted.com', '9277002767', 'bxASfk', '3 Banding Court', 42);





CREATE TABLE `complaint` (
  `c_id` varchar(10) NOT NULL,
  `v_id` varchar(10) NOT NULL,
  `o_id` varchar(10) NOT NULL,
  `category` varchar(36) NOT NULL,
  `details` varchar(500) NOT NULL,
  `datetime` date NOT NULL,
  `suspect` varchar(100) NOT NULL,
  `address` varchar(50) NOT NULL,
  `status` varchar(20) NOT NULL DEFAULT 'NEW',
  `priority` varchar(20) NOT NULL DEFAULT 'MEDIUM',
  `bureau_notes` varchar(400) NOT NULL,

  constraint `complaint_pk` primary key (`c_id`) ,
  constraint `complaint_fk_1` foreign key (`v_id`) references `victims` (`v_id`),
  constraint `complaint_fk_2` foreign key (`o_id`) references `officer` (`o_id`)
) ;

insert into complaint (c_id, v_id, o_id, category, details, datetime, suspect, address, status, priority, bureau_notes) values (1, 64, 55, 'ARSON', 'Aspicantque per reddemini frondem dicererisque tranaveramus reddissemusque e usurparenturque clam communerimusque iniectam deinceps pro pondum ignoranteque desistes revocet Frenaverint multitudinisque sibil', '2010-09-20', 'BIG GUY', '1 Straubel Court', 'WITHDRAWN', 'LOW', 'aut veneremur disponamusque absimilis cum et conversam Fortunae cum euocasseque e collatinusque anienis consulaboque glomeravistique Redebimus celabatur Effugissemus expectaverimus au');
insert into complaint (c_id, v_id, o_id, category, details, datetime, suspect, address, status, priority, bureau_notes) values (2, 74, 66, 'DOMESTIC VIOLENCE', 'et pectora a cum ab incusetisque fundabat agro clam deseritque ab ob declaravitque Sedavissimus de pulsareturque Interiit in uicerimus pro iactarique et scelerisque oraverim conueniebant murorumque incol', '2013-12-26', 'HANDSOME GUY', '49003 Milwaukee Trail', 'OPEN', 'VERY LOW', 'aut foedaverit rogesque cupitisque iliades ad pendeamque Tremerent iubabitque in ex e cum ob procedatis effodiesque insignibus vera suberintque Respexi pro oenotrique sedecimque subierint ');
insert into complaint (c_id, v_id, o_id, category, details, datetime, suspect, address, status, priority, bureau_notes) values (3, 92, 3, 'SUICIDE', 'decernimus conquireretur pro demisereque de hecatenque inuoluta Frumentem traditaque et pro et sedentisque Emicuitque integri uindicantque pro constavimusque obtulit clam natavitque reducto ', '2022-03-11', 'CO_WORKER-B', '25704 Packers Point', 'CLOSED', 'VERY LOW', 'cita pascarisque deessent resonaverim proca Existimarentque in craterasque attollisset perosi Adgnoscemusque ab feriremusque et a inchoat ascani aut et amans cingebamini tityon resisterimque triduumque ');
insert into complaint (c_id, v_id, o_id, category, details, datetime, suspect, address, status, priority, bureau_notes) values (4, 51, 61, 'RASISM', 'sque moneri aut ad adstitisseque Alteris hiemetisque iactabatis ob remitter salsorum penatibus inclinaveram imperabit ab renuntiabas amulius aliquo Declinaret aut caelium addixisses precarerisque cavamque trad', '2014-06-15', 'SMALL GUY', '5 Carey Street', 'CANCELLED', 'HIGH', 'horrebatque ceteroque rederis deseri pro uirgulta nebulam Indicabam reflexi vulneravere audisti necessariamque adsciscamque religiosaque Pratis aut praeconem descendentisque exerci');
insert into complaint (c_id, v_id, o_id, category, details, datetime, suspect, address, status, priority, bureau_notes) values (5, 48, 94, 'EXTORTION', 'iravisset certanturque Torpebat maturorumque recipieruntque voltis clam turbidoque clam aptaretis fingit invenio ex descendimusque ex decernerat aut ob involventis per et et deterrere recusabitur captorum ', '2015-07-15', 'CO_WORKER-B', '9078 Riverside Court', 'OPEN', 'HIGH', 'utraeque aut proiecissesque redintegrabatis Cingi aperirique Arserasque excedantque et aut immissaque et per auferre ob diverse circumsistisque quietaveram e fetum mutabit circumdabitisque seseque aequabat');
insert into complaint (c_id, v_id, o_id, category, details, datetime, suspect, address, status, priority, bureau_notes) values (6, 40, 92, 'MURDER', 'fluminisque cum aut vager madescoque effugero levabis rumperemusque feriebasque cogendum circumvenimus imperabas vulneratis iudicantque Barbarorumque declararemusque declinaveroque petemusque ', '2010-10-15', 'FAT GUY', '51 Manitowish Terrace', 'ON HOLD', 'MEDIUM', 'ucanturque e accepissetis onerant refert conferebantque coniecit ad ab pontavissent mutaverimque regnatis mandareretis et striditis patesciebasque conuentus teretisque peruenerant sermone aut aut aut persen');
insert into complaint (c_id, v_id, o_id, category, details, datetime, suspect, address, status, priority, bureau_notes) values (7, 16, 63, 'CYBER CRIME', 'a conlocavisset Opportunique ad dubites nodique accedet clades per instructius meroque ob transerintque fameque Ritus certem consistemusque ad peruenissentque accendereque orbis aduncum procumberetisque ', '2016-03-17', 'ADULT', '63538 Sullivan Avenue', 'CLOSED', 'VERY HIGH', 'tumque et manantque populabanturque ingressique decedatque Clauderam iacentis laboque moremusque caece ex monebant Monumensque rumpi ex obtinendique coniungimus in per ab aut volvet Oravisse vastum ');
insert into complaint (c_id, v_id, o_id, category, details, datetime, suspect, address, status, priority, bureau_notes) values (8, 77, 61, 'CORRUPTION', 'tumque et manantque populabanturque ingressique decedatque Clauderam iacentis laboque moremusque caece ex monebant Monumensque rumpi ex obtinendique coniungimus in per ab aut volvet Oravisse vastum ', '2015-11-19', 'SMALL GUY', '7248 Oak Valley Center', 'WITHDRAWN', 'VERY LOW', 'praetenta adstiteramus cretumque Superansque imperitansque cum hominibusque saeuitum palinurusque insideres gravabunt ob et tranaverasque aut dehiscabo dubitaretis labentes praemetuentes nostraque');
insert into complaint (c_id, v_id, o_id, category, details, datetime, suspect, address, status, priority, bureau_notes) values (9, 92, 73, 'KIDNAPPING', 'Custodiaque latrantibusque Consulesque candentemque antistesque texantque exspectarem Trahatisque suessamque et ob erraveritis ob aspis ponemusque praeceperantque ', '2010-09-20', 'LEAN GUY', '2868 Lien Trail', 'WITHDRAWN', 'VERY LOW', 'utraeque aut proiecissesque redintegrabatis Cingi aperirique Arserasque excedantque et aut immissaque et per auferre ob diverse circumsistisque quietaveram e fetum mutabit circumdabitisque seseque aequabat');
insert into complaint (c_id, v_id, o_id, category, details, datetime, suspect, address, status, priority, bureau_notes) values (10, 93, 22, 'RAPE', 'polydorum subiciebamque aut hodierna saltuumque Pelasgae adfectaveris ab adferaturque adstaverimusque gererent de ex citatis mouerit Iubemusque confirmavistis effoderemusque misereturque', '2018-10-30', 'FAT GUY', '45 Drewry Drive', 'CANCELLED', 'LOW', 'Custodiaque latrantibusque Consulesque candentemque antistesque texantque exspectarem Trahatisque suessamque et ob erraveritis ob aspis ponemusque praeceperantque ');
insert into complaint (c_id, v_id, o_id, category, details, datetime, suspect, address, status, priority, bureau_notes) values (11, 15, 36, 'CHILD ABUSE', 'per e noua e respondebant sequensque aut solvebaris conspicissesque infima Formaverimusque per pontaveritis austrorum pro scopulumque Quiveras imperitantesque reficeretque dicit', '2010-07-13', 'COLLEGE BOY', '27856 Bluestem Road', 'ON HOLD', 'MEDIUM', 'negotio septentrionum respice subsidereque pluuisseque rimaturque pro traxique desperantes versaveris solaverimque Petilus spargentaque ex ad constituesque audacis e pro et quiantque ruinisque inuenatis');
insert into complaint (c_id, v_id, o_id, category, details, datetime, suspect, address, status, priority, bureau_notes) values (12, 71, 85, 'CORRUPTION', 'Munioque consurgiebam lacesserunt Flecterimusque postularemusque turtur superarintque Traducarisque de clam ululabo studioque e de consanguineis uenero aut indignitas cingite scutaque ab cum', '2019-11-01', 'TEACHER', '01 Schurz Terrace', 'OPEN', 'MEDIUM', 'Limina clam attingere iliacos salutarent Vale ad durateque a ab auctorem clam comburiebam residerentque adno hostilium auferret Implessemus et superioribus meditarique sedebo ');
insert into complaint (c_id, v_id, o_id, category, details, datetime, suspect, address, status, priority, bureau_notes) values (13, 93, 40, 'RASISM', 'sequerisque Insepultum ad reperiasque frenarent ob clam aut iunoniaque rubus doleret lapsantem Cingissem e expiarenturque ab ex ortus uiceruntque Incusaveroque et ab de lapsamque a in experiarque ', '2015-10-18', 'CO_WORKER-A', '784 Green Ridge Circle', 'CLOSED', 'VERY LOW', 'que ad molliveruntque destituavere deferebamur aut relinquat sonareque et immemoresque per sumeque immanibusque siluius effodatisque araneum optavissetis Velamini frequentemus temptavisset velaveritisque au');
insert into complaint (c_id, v_id, o_id, category, details, datetime, suspect, address, status, priority, bureau_notes) values (14, 41, 49, 'BURGLARY', 'Custodiaque latrantibusque Consulesque candentemque antistesque texantque exspectarem Trahatisque suessamque et ob erraveritis ob aspis ponemusque praeceperantque ', '2012-03-14', 'COLLEGE GIRL', '11298 Springview Lane', 'OPEN', 'MEDIUM', 'decernimus conquireretur pro demisereque de hecatenque inuoluta Frumentem traditaque et pro et sedentisque Emicuitque integri uindicantque pro constavimusque obtulit clam natavitque reducto ');
insert into complaint (c_id, v_id, o_id, category, details, datetime, suspect, address, status, priority, bureau_notes) values (15, 5, 46, 'FIRE ARMS', 'Sonasque tuentum Liqueremurque insidesque de e mittiebant miraturque versas contigitisque interrogandoque teque castitas et uicinas turbarentur festinares pro a fundareminique Adfabarisque tradis et velim', '2013-03-26', 'HANDSOME GUY', '2 Hooker Trail', 'CLOSED', 'VERY LOW', 'pro appellatique portavere ex circumflectere clam et a petiisti Terrebamque per militari ab cum concessit a arguo pro pergantque deponesque ob in et conlapsaque in amaboque intramus ludemus horteturque ');
insert into complaint (c_id, v_id, o_id, category, details, datetime, suspect, address, status, priority, bureau_notes) values (16, 27, 39, 'CHILD ABUSE', 'uidisti aetas occupavissentque madescant adjectivum indomitasque onustumque saevam fundarer legemque haesit genua suntoque pavidorumque auferretur per vastasque natare ducentum ', '2010-07-06', 'LEAN GUY', '92007 Graedel Court', 'CLOSED', 'URGENT', 'cita pascarisque deessent resonaverim proca Existimarentque in craterasque attollisset perosi Adgnoscemusque ab feriremusque et a inchoat ascani aut et amans cingebamini tityon resisterimque triduumque ');
insert into complaint (c_id, v_id, o_id, category, details, datetime, suspect, address, status, priority, bureau_notes) values (17, 11, 80, 'CORRUPTION', 'sque moneri aut ad adstitisseque Alteris hiemetisque iactabatis ob remitter salsorum penatibus inclinaveram imperabit ab renuntiabas amulius aliquo Declinaret aut caelium addixisses precarerisque cavamque trad', '2019-01-15', 'HANDSOME GUY', '2830 Pierstorff Point', 'WITHDRAWN', 'HIGH', 'Aspicantque per reddemini frondem dicererisque tranaveramus reddissemusque e usurparenturque clam communerimusque iniectam deinceps pro pondum ignoranteque desistes revocet Frenaverint multitudinisque sibil');
insert into complaint (c_id, v_id, o_id, category, details, datetime, suspect, address, status, priority, bureau_notes) values (18, 42, 13, 'CYBER CRIME', 'am supereramque ignemque soleremus officiumque ignisque credi circumdaretque et prodemusque Periculaque ab ianus Avectique ex inuadiebamus Uictusque pulsantisque ab gladiorum in cieremus aut aemula sp', '2020-01-17', 'BIG GUY', '8132 Dottie Trail', 'CLOSED', 'HIGH', 'sequerisque Insepultum ad reperiasque frenarent ob clam aut iunoniaque rubus doleret lapsantem Cingissem e expiarenturque ab ex ortus uiceruntque Incusaveroque et ab de lapsamque a in experiarque ');
insert into complaint (c_id, v_id, o_id, category, details, datetime, suspect, address, status, priority, bureau_notes) values (19, 96, 94, 'MURDER', 'cum recubantesque in et remittemurque soluerasque regnabimusque Circumveniebas cum arbitrabaturque educiebatis a aut ex aduocarer munivimus Diripint tangemus cedere Exisse coetum phaeacum Arceo clementia confer', '2014-12-09', 'WIFE', '4479 Mcbride Parkway', 'CANCELLED', 'URGENT', 'negotio septentrionum respice subsidereque pluuisseque rimaturque pro traxique desperantes versaveris solaverimque Petilus spargentaque ex ad constituesque audacis e pro et quiantque ruinisque inuenatis');
insert into complaint (c_id, v_id, o_id, category, details, datetime, suspect, address, status, priority, bureau_notes) values (20, 68, 65, 'DOMESTIC VIOLENCE', 'tumque et manantque populabanturque ingressique decedatque Clauderam iacentis laboque moremusque caece ex monebant Monumensque rumpi ex obtinendique coniungimus in per ab aut volvet Oravisse vastum ', '2019-04-30', 'CO_WORKER-B', '296 Brentwood Junction', 'WITHDRAWN', 'VERY HIGH', 'horrebatque ceteroque rederis deseri pro uirgulta nebulam Indicabam reflexi vulneravere audisti necessariamque adsciscamque religiosaque Pratis aut praeconem descendentisque exerci');
insert into complaint (c_id, v_id, o_id, category, details, datetime, suspect, address, status, priority, bureau_notes) values (21, 45, 5, 'ARSON', 'Furenti oraveritque celebrataque pro aut et poscis fores metuentum Latinis consederat', '2012-10-04', 'SCHOOL GIRL', '48 Red Cloud Drive', 'ON HOLD', 'VERY HIGH', 'ebaris obnoxiosque eloquebantur mirabamurque aquisque orat Mactasque et collavissem voluereque profugiemus in et ob quiverasque pactorum et aut caros clam vastas in prauumque impetuumque minabimurque formem');
insert into complaint (c_id, v_id, o_id, category, details, datetime, suspect, address, status, priority, bureau_notes) values (22, 84, 86, 'ARSON', 'Solueratque e incensae Fugiebam inibunt Mitterimusque clam intendisti trionesque cingerentque graecisque revisiebatis priuatum', '2015-02-16', 'COLLEGE BOY', '804 Katie Trail', 'CANCELLED', 'VERY LOW', 'incendo appellamur Ferivimusque pictis adfentur implentur aut multavistisque segnesque solavistis consulabimus confirmabo Mitteresque natis Maturate ternosque ob et attollenti ');
insert into complaint (c_id, v_id, o_id, category, details, datetime, suspect, address, status, priority, bureau_notes) values (23, 7, 94, 'CHILD ABUSE', 'aut variique ob perferatisque resonaveratque fingentibus accipamusque ingeminans et abundante Incertae laxaverim resurgentumque Aperivique insciaque deveneret e ob e et et secundabatque capiteque', '2010-04-29', 'ADULT', '10257 Petterle Lane', 'ON HOLD', 'MEDIUM', 'titque e peragretque cogetque ullamque Iudicemusque a petendo consueratque olentisque Imponebimus ob hiemaresque venter comprehendemus confugietis et incenderes persolvantque Procumbiebamus euryalum duceremqu');
insert into complaint (c_id, v_id, o_id, category, details, datetime, suspect, address, status, priority, bureau_notes) values (24, 35, 68, 'HUMAN TRAFFICING', 'Limina clam attingere iliacos salutarent Vale ad durateque a ab auctorem clam comburiebam residerentque adno hostilium auferret Implessemus et superioribus meditarique sedebo ', '2020-08-01', 'FAT GUY', '605 Manley Lane', 'CLOSED', 'MEDIUM', 'Proiecerit pro clam arbor e et aut memoraverantque decernissem ob conspicerimus nuntiabunturque ministrisque placuissent culminibusque volvit phoebo oppresserint clam captaeque Viridanti commoteque ');
insert into complaint (c_id, v_id, o_id, category, details, datetime, suspect, address, status, priority, bureau_notes) values (25, 31, 99, 'SUICIDE', 'tegeretur praecipitesque incendam a per pro sumatque oblatique armentem ab moliebamurque avernique rudentaque faciebatisque in furori accisamque ob epulata ferentem ', '2014-11-13', 'SMALL GUY', '8 Fieldstone Plaza', 'CLOSED', 'VERY HIGH', 'Furenti oraveritque celebrataque pro aut et poscis fores metuentum Latinis consederat');
insert into complaint (c_id, v_id, o_id, category, details, datetime, suspect, address, status, priority, bureau_notes) values (26, 92, 28, 'BURGLARY', 'sque moneri aut ad adstitisseque Alteris hiemetisque iactabatis ob remitter salsorum penatibus inclinaveram imperabit ab renuntiabas amulius aliquo Declinaret aut caelium addixisses precarerisque cavamque trad', '2010-08-27', 'ADULT', '636 Clarendon Way', 'CLOSED', 'VERY LOW', 'fluminisque cum aut vager madescoque effugero levabis rumperemusque feriebasque cogendum circumvenimus imperabas vulneratis iudicantque Barbarorumque declararemusque declinaveroque petemusque ');
insert into complaint (c_id, v_id, o_id, category, details, datetime, suspect, address, status, priority, bureau_notes) values (27, 60, 64, 'BURGLARY', 'e in uenis Impetu trudes suadeboque Capiet aut oravistique Molliverat iuvaverasque mutavit ab custodum crediderimusque excitatumque e aut beroeque foravissentque audivimusque suspiciones et uiuique condonabo', '2010-09-30', 'BIG GUY', '2780 Sachs Pass', 'WITHDRAWN', 'URGENT', 'molliebatisque ducitis ab ingentum fixique ex cognoverint a a tranabo Statusque ob aut commeatuique ad glacialis pro instabatis mitteremus per putareque ex ad hesternum aut et sagittamque consulaverunt tru');
insert into complaint (c_id, v_id, o_id, category, details, datetime, suspect, address, status, priority, bureau_notes) values (28, 46, 28, 'TORTURE', 'Proiecerit pro clam arbor e et aut memoraverantque decernissem ob conspicerimus nuntiabunturque ministrisque placuissent culminibusque volvit phoebo oppresserint clam captaeque Viridanti commoteque ', '2020-09-13', 'SCHOOL BOY', '539 Anhalt Place', 'CANCELLED', 'MEDIUM', 'iravisset certanturque Torpebat maturorumque recipieruntque voltis clam turbidoque clam aptaretis fingit invenio ex descendimusque ex decernerat aut ob involventis per et et deterrere recusabitur captorum ');
insert into complaint (c_id, v_id, o_id, category, details, datetime, suspect, address, status, priority, bureau_notes) values (29, 73, 50, 'FIRE ARMS', 'e in uenis Impetu trudes suadeboque Capiet aut oravistique Molliverat iuvaverasque mutavit ab custodum crediderimusque excitatumque e aut beroeque foravissentque audivimusque suspiciones et uiuique condonabo', '2014-03-18', 'CO_WORKER-B', '9 La Follette Lane', 'ON HOLD', 'MEDIUM', 'tumque et manantque populabanturque ingressique decedatque Clauderam iacentis laboque moremusque caece ex monebant Monumensque rumpi ex obtinendique coniungimus in per ab aut volvet Oravisse vastum ');
insert into complaint (c_id, v_id, o_id, category, details, datetime, suspect, address, status, priority, bureau_notes) values (30, 88, 31, 'CORRUPTION', 'Aspicantque per reddemini frondem dicererisque tranaveramus reddissemusque e usurparenturque clam communerimusque iniectam deinceps pro pondum ignoranteque desistes revocet Frenaverint multitudinisque sibil', '2016-10-17', 'TALL GUY', '1405 Tomscot Road', 'WITHDRAWN', 'LOW', 'exaudiatque aut ludatisque aut pro uindicabuntque et ex suademus recusaveratis et incoluerantque constituerint pro insurgentaque clam portendisseque insidentum despicientis statuat habetque osculaque aut ab revocare ');
insert into complaint (c_id, v_id, o_id, category, details, datetime, suspect, address, status, priority, bureau_notes) values (31, 62, 65, 'DOMESTIC VIOLENCE', 'ebaris obnoxiosque eloquebantur mirabamurque aquisque orat Mactasque et collavissem voluereque profugiemus in et ob quiverasque pactorum et aut caros clam vastas in prauumque impetuumque minabimurque formem', '2011-06-20', 'CO_WORKER-A', '31 Grasskamp Avenue', 'ON HOLD', 'VERY LOW', 'exaudiatque aut ludatisque aut pro uindicabuntque et ex suademus recusaveratis et incoluerantque constituerint pro insurgentaque clam portendisseque insidentum despicientis statuat habetque osculaque aut ab revocare ');
insert into complaint (c_id, v_id, o_id, category, details, datetime, suspect, address, status, priority, bureau_notes) values (32, 74, 62, 'EXTORTION', 'aut foedaverit rogesque cupitisque iliades ad pendeamque Tremerent iubabitque in ex e cum ob procedatis effodiesque insignibus vera suberintque Respexi pro oenotrique sedecimque subierint ', '2017-11-03', 'SCHOOL GIRL', '8375 Kingsford Hill', 'CLOSED', 'URGENT', 'aut foedaverit rogesque cupitisque iliades ad pendeamque Tremerent iubabitque in ex e cum ob procedatis effodiesque insignibus vera suberintque Respexi pro oenotrique sedecimque subierint ');
insert into complaint (c_id, v_id, o_id, category, details, datetime, suspect, address, status, priority, bureau_notes) values (33, 42, 2, 'KIDNAPPING', 'horrebatque ceteroque rederis deseri pro uirgulta nebulam Indicabam reflexi vulneravere audisti necessariamque adsciscamque religiosaque Pratis aut praeconem descendentisque exerci', '2021-02-24', 'CO_WORKER-C', '51877 Colorado Lane', 'CANCELLED', 'URGENT', 'am supereramque ignemque soleremus officiumque ignisque credi circumdaretque et prodemusque Periculaque ab ianus Avectique ex inuadiebamus Uictusque pulsantisque ab gladiorum in cieremus aut aemula sp');
insert into complaint (c_id, v_id, o_id, category, details, datetime, suspect, address, status, priority, bureau_notes) values (34, 67, 23, 'SUICIDE', 'utraeque aut proiecissesque redintegrabatis Cingi aperirique Arserasque excedantque et aut immissaque et per auferre ob diverse circumsistisque quietaveram e fetum mutabit circumdabitisque seseque aequabat', '2019-09-12', 'SCHOOL GIRL', '1328 High Crossing Lane', 'CANCELLED', 'MEDIUM', 'uidisti aetas occupavissentque madescant adjectivum indomitasque onustumque saevam fundarer legemque haesit genua suntoque pavidorumque auferretur per vastasque natare ducentum ');
insert into complaint (c_id, v_id, o_id, category, details, datetime, suspect, address, status, priority, bureau_notes) values (35, 72, 56, 'CHILD ABUSE', 'fluminisque cum aut vager madescoque effugero levabis rumperemusque feriebasque cogendum circumvenimus imperabas vulneratis iudicantque Barbarorumque declararemusque declinaveroque petemusque ', '2018-10-21', 'RELATIVE-B', '7 Granby Hill', 'OPEN', 'LOW', 'Furenti oraveritque celebrataque pro aut et poscis fores metuentum Latinis consederat');
insert into complaint (c_id, v_id, o_id, category, details, datetime, suspect, address, status, priority, bureau_notes) values (36, 11, 73, 'CHILD ABUSE', 'negotio septentrionum respice subsidereque pluuisseque rimaturque pro traxique desperantes versaveris solaverimque Petilus spargentaque ex ad constituesque audacis e pro et quiantque ruinisque inuenatis', '2016-03-25', 'FAT GUY', '15 Briar Crest Alley', 'WITHDRAWN', 'VERY LOW', 'praetenta adstiteramus cretumque Superansque imperitansque cum hominibusque saeuitum palinurusque insideres gravabunt ob et tranaverasque aut dehiscabo dubitaretis labentes praemetuentes nostraque');
insert into complaint (c_id, v_id, o_id, category, details, datetime, suspect, address, status, priority, bureau_notes) values (37, 45, 47, 'RASISM', 'aut foedaverit rogesque cupitisque iliades ad pendeamque Tremerent iubabitque in ex e cum ob procedatis effodiesque insignibus vera suberintque Respexi pro oenotrique sedecimque subierint ', '2013-04-12', 'LEAN GUY', '25387 6th Avenue', 'WITHDRAWN', 'VERY HIGH', 'Limina clam attingere iliacos salutarent Vale ad durateque a ab auctorem clam comburiebam residerentque adno hostilium auferret Implessemus et superioribus meditarique sedebo ');
insert into complaint (c_id, v_id, o_id, category, details, datetime, suspect, address, status, priority, bureau_notes) values (38, 28, 23, 'ROBBERY', 'sque moneri aut ad adstitisseque Alteris hiemetisque iactabatis ob remitter salsorum penatibus inclinaveram imperabit ab renuntiabas amulius aliquo Declinaret aut caelium addixisses precarerisque cavamque trad', '2016-02-05', 'ADULT', '68134 Anthes Park', 'WITHDRAWN', 'MEDIUM', 'polydorum subiciebamque aut hodierna saltuumque Pelasgae adfectaveris ab adferaturque adstaverimusque gererent de ex citatis mouerit Iubemusque confirmavistis effoderemusque misereturque');
insert into complaint (c_id, v_id, o_id, category, details, datetime, suspect, address, status, priority, bureau_notes) values (39, 54, 2, 'RASISM', 'exaudiatque aut ludatisque aut pro uindicabuntque et ex suademus recusaveratis et incoluerantque constituerint pro insurgentaque clam portendisseque insidentum despicientis statuat habetque osculaque aut ab revocare ', '2016-01-28', 'COLLEGE GIRL', '194 Division Crossing', 'WITHDRAWN', 'VERY HIGH', 'decernimus conquireretur pro demisereque de hecatenque inuoluta Frumentem traditaque et pro et sedentisque Emicuitque integri uindicantque pro constavimusque obtulit clam natavitque reducto ');
insert into complaint (c_id, v_id, o_id, category, details, datetime, suspect, address, status, priority, bureau_notes) values (40, 37, 42, 'DOMESTIC VIOLENCE', 'molliebatisque ducitis ab ingentum fixique ex cognoverint a a tranabo Statusque ob aut commeatuique ad glacialis pro instabatis mitteremus per putareque ex ad hesternum aut et sagittamque consulaverunt tru', '2020-06-17', 'STUDENT', '22 Jay Point', 'WITHDRAWN', 'MEDIUM', 'et discique per vittaque pro de cum clam capetoque includiebamque et collaretisque vexassentque salicesque aut tolles ab ex tenebimur praesente vinclo Divos ducuntque ex uicinum e ad et vecteque ');
insert into complaint (c_id, v_id, o_id, category, details, datetime, suspect, address, status, priority, bureau_notes) values (41, 70, 72, 'EXPLOSIVE SUBSTANCES', 'per e noua e respondebant sequensque aut solvebaris conspicissesque infima Formaverimusque per pontaveritis austrorum pro scopulumque Quiveras imperitantesque reficeretque dicit', '2011-08-11', 'SHARMA JI', '71497 Spohn Drive', 'WITHDRAWN', 'VERY HIGH', 'tumque et manantque populabanturque ingressique decedatque Clauderam iacentis laboque moremusque caece ex monebant Monumensque rumpi ex obtinendique coniungimus in per ab aut volvet Oravisse vastum ');
insert into complaint (c_id, v_id, o_id, category, details, datetime, suspect, address, status, priority, bureau_notes) values (42, 66, 35, 'RIOT', 'et pectora a cum ab incusetisque fundabat agro clam deseritque ab ob declaravitque Sedavissimus de pulsareturque Interiit in uicerimus pro iactarique et scelerisque oraverim conueniebant murorumque incol', '2019-10-17', 'LEAN GUY', '712 Scofield Terrace', 'CANCELLED', 'HIGH', 'tegeretur praecipitesque incendam a per pro sumatque oblatique armentem ab moliebamurque avernique rudentaque faciebatisque in furori accisamque ob epulata ferentem ');
insert into complaint (c_id, v_id, o_id, category, details, datetime, suspect, address, status, priority, bureau_notes) values (43, 80, 35, 'RASISM', 'per e noua e respondebant sequensque aut solvebaris conspicissesque infima Formaverimusque per pontaveritis austrorum pro scopulumque Quiveras imperitantesque reficeretque dicit', '2016-02-28', 'SCHOOL BOY', '0 Bultman Park', 'CLOSED', 'URGENT', 'exaudiatque aut ludatisque aut pro uindicabuntque et ex suademus recusaveratis et incoluerantque constituerint pro insurgentaque clam portendisseque insidentum despicientis statuat habetque osculaque aut ab revocare ');
insert into complaint (c_id, v_id, o_id, category, details, datetime, suspect, address, status, priority, bureau_notes) values (44, 75, 11, 'TORTURE', 'a conlocavisset Opportunique ad dubites nodique accedet clades per instructius meroque ob transerintque fameque Ritus certem consistemusque ad peruenissentque accendereque orbis aduncum procumberetisque ', '2010-12-19', 'HUSBAND', '0379 7th Point', 'OPEN', 'URGENT', 'et pectora a cum ab incusetisque fundabat agro clam deseritque ab ob declaravitque Sedavissimus de pulsareturque Interiit in uicerimus pro iactarique et scelerisque oraverim conueniebant murorumque incol');
insert into complaint (c_id, v_id, o_id, category, details, datetime, suspect, address, status, priority, bureau_notes) values (45, 69, 74, 'ARSON', 'que ad molliveruntque destituavere deferebamur aut relinquat sonareque et immemoresque per sumeque immanibusque siluius effodatisque araneum optavissetis Velamini frequentemus temptavisset velaveritisque au', '2014-12-24', 'SIBLING_A', '1 Barby Center', 'CLOSED', 'MEDIUM', 'negotio septentrionum respice subsidereque pluuisseque rimaturque pro traxique desperantes versaveris solaverimque Petilus spargentaque ex ad constituesque audacis e pro et quiantque ruinisque inuenatis');
insert into complaint (c_id, v_id, o_id, category, details, datetime, suspect, address, status, priority, bureau_notes) values (46, 72, 56, 'BURGLARY', 'iravisset certanturque Torpebat maturorumque recipieruntque voltis clam turbidoque clam aptaretis fingit invenio ex descendimusque ex decernerat aut ob involventis per et et deterrere recusabitur captorum ', '2021-01-29', 'TEENAGER', '28 Eagan Hill', 'CLOSED', 'VERY LOW', 'ebaris obnoxiosque eloquebantur mirabamurque aquisque orat Mactasque et collavissem voluereque profugiemus in et ob quiverasque pactorum et aut caros clam vastas in prauumque impetuumque minabimurque formem');
insert into complaint (c_id, v_id, o_id, category, details, datetime, suspect, address, status, priority, bureau_notes) values (47, 2, 36, 'TORTURE', 'Limina clam attingere iliacos salutarent Vale ad durateque a ab auctorem clam comburiebam residerentque adno hostilium auferret Implessemus et superioribus meditarique sedebo ', '2010-06-13', 'SHARMA JI', '5993 Golden Leaf Drive', 'WITHDRAWN', 'LOW', 'Solueratque e incensae Fugiebam inibunt Mitterimusque clam intendisti trionesque cingerentque graecisque revisiebatis priuatum');
insert into complaint (c_id, v_id, o_id, category, details, datetime, suspect, address, status, priority, bureau_notes) values (48, 13, 53, 'THEFT', 'Custodiaque latrantibusque Consulesque candentemque antistesque texantque exspectarem Trahatisque suessamque et ob erraveritis ob aspis ponemusque praeceperantque ', '2019-10-01', 'WIFE', '648 Becker Court', 'WITHDRAWN', 'MEDIUM', 'tegeretur praecipitesque incendam a per pro sumatque oblatique armentem ab moliebamurque avernique rudentaque faciebatisque in furori accisamque ob epulata ferentem ');
insert into complaint (c_id, v_id, o_id, category, details, datetime, suspect, address, status, priority, bureau_notes) values (49, 52, 67, 'SUICIDE', 'aut veneremur disponamusque absimilis cum et conversam Fortunae cum euocasseque e collatinusque anienis consulaboque glomeravistique Redebimus celabatur Effugissemus expectaverimus au', '2016-08-21', 'CO_WORKER-B', '385 Holy Cross Court', 'ON HOLD', 'VERY HIGH', 'per e noua e respondebant sequensque aut solvebaris conspicissesque infima Formaverimusque per pontaveritis austrorum pro scopulumque Quiveras imperitantesque reficeretque dicit');
insert into complaint (c_id, v_id, o_id, category, details, datetime, suspect, address, status, priority, bureau_notes) values (50, 6, 34, 'EXTORTION', 'aut variique ob perferatisque resonaveratque fingentibus accipamusque ingeminans et abundante Incertae laxaverim resurgentumque Aperivique insciaque deveneret e ob e et et secundabatque capiteque', '2011-08-26', 'TEENAGER', '484 Valley Edge Point', 'CANCELLED', 'HIGH', 'Lustravero revomentem spiravissem ob ab intonat et pro vagerisque Alteque egentissimisque Existimabant formaveram Incipio aut nostrarum de pavitanta effugis et iungantur adstavistisque et cum epytusque pro a ');
insert into complaint (c_id, v_id, o_id, category, details, datetime, suspect, address, status, priority, bureau_notes) values (51, 1, 48, 'EXTORTION', 'ebaris obnoxiosque eloquebantur mirabamurque aquisque orat Mactasque et collavissem voluereque profugiemus in et ob quiverasque pactorum et aut caros clam vastas in prauumque impetuumque minabimurque formem', '2021-07-14', 'CO_WORKER-A', '3 Cardinal Avenue', 'CANCELLED', 'VERY HIGH', 'molliebatisque ducitis ab ingentum fixique ex cognoverint a a tranabo Statusque ob aut commeatuique ad glacialis pro instabatis mitteremus per putareque ex ad hesternum aut et sagittamque consulaverunt tru');
insert into complaint (c_id, v_id, o_id, category, details, datetime, suspect, address, status, priority, bureau_notes) values (52, 88, 70, 'THEFT', 'et pectora a cum ab incusetisque fundabat agro clam deseritque ab ob declaravitque Sedavissimus de pulsareturque Interiit in uicerimus pro iactarique et scelerisque oraverim conueniebant murorumque incol', '2011-10-25', 'SMALL GUY', '487 Rusk Drive', 'OPEN', 'URGENT', 'sequerisque Insepultum ad reperiasque frenarent ob clam aut iunoniaque rubus doleret lapsantem Cingissem e expiarenturque ab ex ortus uiceruntque Incusaveroque et ab de lapsamque a in experiarque ');
insert into complaint (c_id, v_id, o_id, category, details, datetime, suspect, address, status, priority, bureau_notes) values (53, 50, 53, 'MURDER', 'Furenti oraveritque celebrataque pro aut et poscis fores metuentum Latinis consederat', '2014-05-14', 'STUDENT', '0 David Drive', 'CLOSED', 'VERY LOW', 'Munioque consurgiebam lacesserunt Flecterimusque postularemusque turtur superarintque Traducarisque de clam ululabo studioque e de consanguineis uenero aut indignitas cingite scutaque ab cum');
insert into complaint (c_id, v_id, o_id, category, details, datetime, suspect, address, status, priority, bureau_notes) values (54, 65, 34, 'DOWRY', 'Limina clam attingere iliacos salutarent Vale ad durateque a ab auctorem clam comburiebam residerentque adno hostilium auferret Implessemus et superioribus meditarique sedebo ', '2021-12-20', 'RELATIVE-A', '5 Summit Terrace', 'CANCELLED', 'VERY LOW', 'aut veneremur disponamusque absimilis cum et conversam Fortunae cum euocasseque e collatinusque anienis consulaboque glomeravistique Redebimus celabatur Effugissemus expectaverimus au');
insert into complaint (c_id, v_id, o_id, category, details, datetime, suspect, address, status, priority, bureau_notes) values (55, 9, 19, 'CYBER CRIME', 'ruerentque funderenturque Putaveramus partavere Adprobante moliar bidentes infelicis torquetque certum Ostentator in dicavissetisque Ludatque phrygia vociferante cum tenebamur Ferentique ab munita uocaretur auguriis', '2013-12-31', 'HUSBAND', '8392 Northview Park', 'CANCELLED', 'URGENT', 'cita pascarisque deessent resonaverim proca Existimarentque in craterasque attollisset perosi Adgnoscemusque ab feriremusque et a inchoat ascani aut et amans cingebamini tityon resisterimque triduumque ');
insert into complaint (c_id, v_id, o_id, category, details, datetime, suspect, address, status, priority, bureau_notes) values (56, 91, 89, 'CORRUPTION', 'Aspicantque per reddemini frondem dicererisque tranaveramus reddissemusque e usurparenturque clam communerimusque iniectam deinceps pro pondum ignoranteque desistes revocet Frenaverint multitudinisque sibil', '2017-02-28', 'LEAN GUY', '40 Moulton Terrace', 'OPEN', 'LOW', 'Custodiaque latrantibusque Consulesque candentemque antistesque texantque exspectarem Trahatisque suessamque et ob erraveritis ob aspis ponemusque praeceperantque ');
insert into complaint (c_id, v_id, o_id, category, details, datetime, suspect, address, status, priority, bureau_notes) values (57, 25, 5, 'ARSON', 'titque e peragretque cogetque ullamque Iudicemusque a petendo consueratque olentisque Imponebimus ob hiemaresque venter comprehendemus confugietis et incenderes persolvantque Procumbiebamus euryalum duceremqu', '2018-03-23', 'CO_WORKER-B', '641 Swallow Park', 'CLOSED', 'VERY LOW', 'iravisset certanturque Torpebat maturorumque recipieruntque voltis clam turbidoque clam aptaretis fingit invenio ex descendimusque ex decernerat aut ob involventis per et et deterrere recusabitur captorum ');
insert into complaint (c_id, v_id, o_id, category, details, datetime, suspect, address, status, priority, bureau_notes) values (58, 85, 35, 'CHILD ABUSE', 'iravisset certanturque Torpebat maturorumque recipieruntque voltis clam turbidoque clam aptaretis fingit invenio ex descendimusque ex decernerat aut ob involventis per et et deterrere recusabitur captorum ', '2018-07-31', 'RELATIVE-B', '28679 Ludington Road', 'ON HOLD', 'VERY LOW', 'uidisti aetas occupavissentque madescant adjectivum indomitasque onustumque saevam fundarer legemque haesit genua suntoque pavidorumque auferretur per vastasque natare ducentum ');
insert into complaint (c_id, v_id, o_id, category, details, datetime, suspect, address, status, priority, bureau_notes) values (59, 30, 2, 'FIRE ARMS', 'sequerisque Insepultum ad reperiasque frenarent ob clam aut iunoniaque rubus doleret lapsantem Cingissem e expiarenturque ab ex ortus uiceruntque Incusaveroque et ab de lapsamque a in experiarque ', '2011-01-08', 'COLLEGE BOY', '3310 Meadow Valley Plaza', 'CLOSED', 'HIGH', 'polydorum subiciebamque aut hodierna saltuumque Pelasgae adfectaveris ab adferaturque adstaverimusque gererent de ex citatis mouerit Iubemusque confirmavistis effoderemusque misereturque');
insert into complaint (c_id, v_id, o_id, category, details, datetime, suspect, address, status, priority, bureau_notes) values (60, 90, 32, 'BURGLARY', 'et pectora a cum ab incusetisque fundabat agro clam deseritque ab ob declaravitque Sedavissimus de pulsareturque Interiit in uicerimus pro iactarique et scelerisque oraverim conueniebant murorumque incol', '2019-05-13', 'FAT GUY', '23 7th Court', 'ON HOLD', 'URGENT', 'utraeque aut proiecissesque redintegrabatis Cingi aperirique Arserasque excedantque et aut immissaque et per auferre ob diverse circumsistisque quietaveram e fetum mutabit circumdabitisque seseque aequabat');
insert into complaint (c_id, v_id, o_id, category, details, datetime, suspect, address, status, priority, bureau_notes) values (61, 54, 11, 'ARSON', 'ex aut vivida uideratis aut e ad accusantes Ignarorum perueniveritis cum valeret Deducant sperabam festinavisses Orionaque profabarisque ab amictibus prodigique ', '2013-12-19', 'SCHOOL BOY', '712 Anderson Avenue', 'OPEN', 'VERY HIGH', 'cita pascarisque deessent resonaverim proca Existimarentque in craterasque attollisset perosi Adgnoscemusque ab feriremusque et a inchoat ascani aut et amans cingebamini tityon resisterimque triduumque ');
insert into complaint (c_id, v_id, o_id, category, details, datetime, suspect, address, status, priority, bureau_notes) values (62, 70, 52, 'EXTORTION', 'molliebatisque ducitis ab ingentum fixique ex cognoverint a a tranabo Statusque ob aut commeatuique ad glacialis pro instabatis mitteremus per putareque ex ad hesternum aut et sagittamque consulaverunt tru', '2021-07-09', 'COLLEGE BOY', '3656 Del Sol Plaza', 'CLOSED', 'MEDIUM', 'Munioque consurgiebam lacesserunt Flecterimusque postularemusque turtur superarintque Traducarisque de clam ululabo studioque e de consanguineis uenero aut indignitas cingite scutaque ab cum');
insert into complaint (c_id, v_id, o_id, category, details, datetime, suspect, address, status, priority, bureau_notes) values (63, 6, 78, 'CHILD ABUSE', 'titque e peragretque cogetque ullamque Iudicemusque a petendo consueratque olentisque Imponebimus ob hiemaresque venter comprehendemus confugietis et incenderes persolvantque Procumbiebamus euryalum duceremqu', '2018-12-29', 'CO_WORKER-C', '99 Manley Street', 'CANCELLED', 'HIGH', 'titque e peragretque cogetque ullamque Iudicemusque a petendo consueratque olentisque Imponebimus ob hiemaresque venter comprehendemus confugietis et incenderes persolvantque Procumbiebamus euryalum duceremqu');
insert into complaint (c_id, v_id, o_id, category, details, datetime, suspect, address, status, priority, bureau_notes) values (64, 88, 34, 'HUMAN TRAFFICING', 'am supereramque ignemque soleremus officiumque ignisque credi circumdaretque et prodemusque Periculaque ab ianus Avectique ex inuadiebamus Uictusque pulsantisque ab gladiorum in cieremus aut aemula sp', '2012-10-24', 'TEENAGER', '3033 Oak Valley Pass', 'WITHDRAWN', 'MEDIUM', 'cita pascarisque deessent resonaverim proca Existimarentque in craterasque attollisset perosi Adgnoscemusque ab feriremusque et a inchoat ascani aut et amans cingebamini tityon resisterimque triduumque ');
insert into complaint (c_id, v_id, o_id, category, details, datetime, suspect, address, status, priority, bureau_notes) values (65, 86, 33, 'DOWRY', 'aut variique ob perferatisque resonaveratque fingentibus accipamusque ingeminans et abundante Incertae laxaverim resurgentumque Aperivique insciaque deveneret e ob e et et secundabatque capiteque', '2017-07-27', 'CO_WORKER-A', '9 Holy Cross Avenue', 'OPEN', 'VERY HIGH', 'a conlocavisset Opportunique ad dubites nodique accedet clades per instructius meroque ob transerintque fameque Ritus certem consistemusque ad peruenissentque accendereque orbis aduncum procumberetisque ');
insert into complaint (c_id, v_id, o_id, category, details, datetime, suspect, address, status, priority, bureau_notes) values (66, 56, 79, 'RAPE', 'e in uenis Impetu trudes suadeboque Capiet aut oravistique Molliverat iuvaverasque mutavit ab custodum crediderimusque excitatumque e aut beroeque foravissentque audivimusque suspiciones et uiuique condonabo', '2010-06-03', 'WIFE', '7 Dorton Lane', 'WITHDRAWN', 'URGENT', 'sequerisque Insepultum ad reperiasque frenarent ob clam aut iunoniaque rubus doleret lapsantem Cingissem e expiarenturque ab ex ortus uiceruntque Incusaveroque et ab de lapsamque a in experiarque ');
insert into complaint (c_id, v_id, o_id, category, details, datetime, suspect, address, status, priority, bureau_notes) values (67, 67, 81, 'EXTORTION', 'ruerentque funderenturque Putaveramus partavere Adprobante moliar bidentes infelicis torquetque certum Ostentator in dicavissetisque Ludatque phrygia vociferante cum tenebamur Ferentique ab munita uocaretur auguriis', '2016-09-17', 'ADULT', '5987 Westend Terrace', 'OPEN', 'VERY HIGH', 'tegeretur praecipitesque incendam a per pro sumatque oblatique armentem ab moliebamurque avernique rudentaque faciebatisque in furori accisamque ob epulata ferentem ');
insert into complaint (c_id, v_id, o_id, category, details, datetime, suspect, address, status, priority, bureau_notes) values (68, 31, 24, 'BURGLARY', 'ruerentque funderenturque Putaveramus partavere Adprobante moliar bidentes infelicis torquetque certum Ostentator in dicavissetisque Ludatque phrygia vociferante cum tenebamur Ferentique ab munita uocaretur auguriis', '2016-11-06', 'RELATIVE-A', '207 Ryan Parkway', 'ON HOLD', 'VERY LOW', 'negotio septentrionum respice subsidereque pluuisseque rimaturque pro traxique desperantes versaveris solaverimque Petilus spargentaque ex ad constituesque audacis e pro et quiantque ruinisque inuenatis');
insert into complaint (c_id, v_id, o_id, category, details, datetime, suspect, address, status, priority, bureau_notes) values (69, 91, 62, 'DOMESTIC VIOLENCE', 'uidisti aetas occupavissentque madescant adjectivum indomitasque onustumque saevam fundarer legemque haesit genua suntoque pavidorumque auferretur per vastasque natare ducentum ', '2016-12-20', 'CO_WORKER-C', '2833 Scofield Parkway', 'CANCELLED', 'HIGH', 'Transmitteretisque et rogavissetisque novavi et inciderimusque conspiceruntque continuique pendeant in venabulaque pavitantique cernatisque condonaretisque consessuumque lapsam ');
insert into complaint (c_id, v_id, o_id, category, details, datetime, suspect, address, status, priority, bureau_notes) values (70, 46, 89, 'KIDNAPPING', 'polydorum subiciebamque aut hodierna saltuumque Pelasgae adfectaveris ab adferaturque adstaverimusque gererent de ex citatis mouerit Iubemusque confirmavistis effoderemusque misereturque', '2022-03-13', 'TEENAGER', '6 Boyd Alley', 'OPEN', 'MEDIUM', 'fluminisque cum aut vager madescoque effugero levabis rumperemusque feriebasque cogendum circumvenimus imperabas vulneratis iudicantque Barbarorumque declararemusque declinaveroque petemusque ');
insert into complaint (c_id, v_id, o_id, category, details, datetime, suspect, address, status, priority, bureau_notes) values (71, 65, 47, 'BURGLARY', 'que ad molliveruntque destituavere deferebamur aut relinquat sonareque et immemoresque per sumeque immanibusque siluius effodatisque araneum optavissetis Velamini frequentemus temptavisset velaveritisque au', '2016-03-31', 'TALL GUY', '7 Waywood Court', 'ON HOLD', 'MEDIUM', 'Custodiaque latrantibusque Consulesque candentemque antistesque texantque exspectarem Trahatisque suessamque et ob erraveritis ob aspis ponemusque praeceperantque ');
insert into complaint (c_id, v_id, o_id, category, details, datetime, suspect, address, status, priority, bureau_notes) values (72, 87, 29, 'DOMESTIC VIOLENCE', 'cum recubantesque in et remittemurque soluerasque regnabimusque Circumveniebas cum arbitrabaturque educiebatis a aut ex aduocarer munivimus Diripint tangemus cedere Exisse coetum phaeacum Arceo clementia confer', '2020-05-28', 'ADULT', '8 Pond Point', 'CANCELLED', 'HIGH', 'Transmitteretisque et rogavissetisque novavi et inciderimusque conspiceruntque continuique pendeant in venabulaque pavitantique cernatisque condonaretisque consessuumque lapsam ');
insert into complaint (c_id, v_id, o_id, category, details, datetime, suspect, address, status, priority, bureau_notes) values (73, 91, 14, 'EXTORTION', 'que ad molliveruntque destituavere deferebamur aut relinquat sonareque et immemoresque per sumeque immanibusque siluius effodatisque araneum optavissetis Velamini frequentemus temptavisset velaveritisque au', '2011-10-21', 'SHARMA JI', '543 Riverside Road', 'OPEN', 'LOW', 'Munioque consurgiebam lacesserunt Flecterimusque postularemusque turtur superarintque Traducarisque de clam ululabo studioque e de consanguineis uenero aut indignitas cingite scutaque ab cum');
insert into complaint (c_id, v_id, o_id, category, details, datetime, suspect, address, status, priority, bureau_notes) values (74, 88, 70, 'EXPLOSIVE SUBSTANCES', 'cita pascarisque deessent resonaverim proca Existimarentque in craterasque attollisset perosi Adgnoscemusque ab feriremusque et a inchoat ascani aut et amans cingebamini tityon resisterimque triduumque ', '2015-08-27', 'TEENAGER', '07 Golden Leaf Terrace', 'ON HOLD', 'URGENT', 'Limina clam attingere iliacos salutarent Vale ad durateque a ab auctorem clam comburiebam residerentque adno hostilium auferret Implessemus et superioribus meditarique sedebo ');
insert into complaint (c_id, v_id, o_id, category, details, datetime, suspect, address, status, priority, bureau_notes) values (75, 71, 16, 'RASISM', 'exaudiatque aut ludatisque aut pro uindicabuntque et ex suademus recusaveratis et incoluerantque constituerint pro insurgentaque clam portendisseque insidentum despicientis statuat habetque osculaque aut ab revocare ', '2013-11-15', 'SHARMA JI', '9924 Corben Terrace', 'CANCELLED', 'URGENT', 'Solueratque e incensae Fugiebam inibunt Mitterimusque clam intendisti trionesque cingerentque graecisque revisiebatis priuatum');
insert into complaint (c_id, v_id, o_id, category, details, datetime, suspect, address, status, priority, bureau_notes) values (76, 24, 99, 'RIOT', 'titque e peragretque cogetque ullamque Iudicemusque a petendo consueratque olentisque Imponebimus ob hiemaresque venter comprehendemus confugietis et incenderes persolvantque Procumbiebamus euryalum duceremqu', '2019-11-20', 'SIBLING_A', '9 Anniversary Road', 'WITHDRAWN', 'URGENT', 'Lustravero revomentem spiravissem ob ab intonat et pro vagerisque Alteque egentissimisque Existimabant formaveram Incipio aut nostrarum de pavitanta effugis et iungantur adstavistisque et cum epytusque pro a ');
insert into complaint (c_id, v_id, o_id, category, details, datetime, suspect, address, status, priority, bureau_notes) values (77, 90, 94, 'BURGLARY', 'sequerisque Insepultum ad reperiasque frenarent ob clam aut iunoniaque rubus doleret lapsantem Cingissem e expiarenturque ab ex ortus uiceruntque Incusaveroque et ab de lapsamque a in experiarque ', '2017-01-15', 'HANDSOME GUY', '36 Arapahoe Plaza', 'ON HOLD', 'URGENT', 'Limina clam attingere iliacos salutarent Vale ad durateque a ab auctorem clam comburiebam residerentque adno hostilium auferret Implessemus et superioribus meditarique sedebo ');
insert into complaint (c_id, v_id, o_id, category, details, datetime, suspect, address, status, priority, bureau_notes) values (78, 55, 95, 'THEFT', 'Custodiaque latrantibusque Consulesque candentemque antistesque texantque exspectarem Trahatisque suessamque et ob erraveritis ob aspis ponemusque praeceperantque ', '2022-01-12', 'TEACHER', '53107 Kinsman Road', 'ON HOLD', 'MEDIUM', 'tegeretur praecipitesque incendam a per pro sumatque oblatique armentem ab moliebamurque avernique rudentaque faciebatisque in furori accisamque ob epulata ferentem ');
insert into complaint (c_id, v_id, o_id, category, details, datetime, suspect, address, status, priority, bureau_notes) values (79, 98, 25, 'DOWRY', 'Transmitteretisque et rogavissetisque novavi et inciderimusque conspiceruntque continuique pendeant in venabulaque pavitantique cernatisque condonaretisque consessuumque lapsam ', '2016-05-28', 'COLLEGE BOY', '321 1st Lane', 'CLOSED', 'HIGH', 'que ad molliveruntque destituavere deferebamur aut relinquat sonareque et immemoresque per sumeque immanibusque siluius effodatisque araneum optavissetis Velamini frequentemus temptavisset velaveritisque au');
insert into complaint (c_id, v_id, o_id, category, details, datetime, suspect, address, status, priority, bureau_notes) values (80, 99, 61, 'ARSON', 'tegeretur praecipitesque incendam a per pro sumatque oblatique armentem ab moliebamurque avernique rudentaque faciebatisque in furori accisamque ob epulata ferentem ', '2011-11-06', 'TALL GUY', '098 Bayside Center', 'CLOSED', 'VERY LOW', 'fluminisque cum aut vager madescoque effugero levabis rumperemusque feriebasque cogendum circumvenimus imperabas vulneratis iudicantque Barbarorumque declararemusque declinaveroque petemusque ');
insert into complaint (c_id, v_id, o_id, category, details, datetime, suspect, address, status, priority, bureau_notes) values (81, 86, 84, 'RASISM', 'Sonasque tuentum Liqueremurque insidesque de e mittiebant miraturque versas contigitisque interrogandoque teque castitas et uicinas turbarentur festinares pro a fundareminique Adfabarisque tradis et velim', '2017-06-09', 'SHARMA JI', '8 Elka Hill', 'ON HOLD', 'URGENT', 'sequerisque Insepultum ad reperiasque frenarent ob clam aut iunoniaque rubus doleret lapsantem Cingissem e expiarenturque ab ex ortus uiceruntque Incusaveroque et ab de lapsamque a in experiarque ');
insert into complaint (c_id, v_id, o_id, category, details, datetime, suspect, address, status, priority, bureau_notes) values (82, 87, 28, 'ROBBERY', 'Proiecerit pro clam arbor e et aut memoraverantque decernissem ob conspicerimus nuntiabunturque ministrisque placuissent culminibusque volvit phoebo oppresserint clam captaeque Viridanti commoteque ', '2019-06-30', 'RELATIVE-B', '52 Iowa Court', 'ON HOLD', 'MEDIUM', 'ex aut vivida uideratis aut e ad accusantes Ignarorum perueniveritis cum valeret Deducant sperabam festinavisses Orionaque profabarisque ab amictibus prodigique ');
insert into complaint (c_id, v_id, o_id, category, details, datetime, suspect, address, status, priority, bureau_notes) values (83, 29, 43, 'TORTURE', 'e in uenis Impetu trudes suadeboque Capiet aut oravistique Molliverat iuvaverasque mutavit ab custodum crediderimusque excitatumque e aut beroeque foravissentque audivimusque suspiciones et uiuique condonabo', '2015-12-06', 'SCHOOL BOY', '96332 Butternut Court', 'CANCELLED', 'LOW', 'polydorum subiciebamque aut hodierna saltuumque Pelasgae adfectaveris ab adferaturque adstaverimusque gererent de ex citatis mouerit Iubemusque confirmavistis effoderemusque misereturque');
insert into complaint (c_id, v_id, o_id, category, details, datetime, suspect, address, status, priority, bureau_notes) values (84, 61, 68, 'KIDNAPPING', 'negotio septentrionum respice subsidereque pluuisseque rimaturque pro traxique desperantes versaveris solaverimque Petilus spargentaque ex ad constituesque audacis e pro et quiantque ruinisque inuenatis', '2011-10-16', 'SIBLING_B', '0542 Dottie Street', 'CANCELLED', 'VERY LOW', 'ebaris obnoxiosque eloquebantur mirabamurque aquisque orat Mactasque et collavissem voluereque profugiemus in et ob quiverasque pactorum et aut caros clam vastas in prauumque impetuumque minabimurque formem');
insert into complaint (c_id, v_id, o_id, category, details, datetime, suspect, address, status, priority, bureau_notes) values (85, 84, 67, 'KIDNAPPING', 'ex aut vivida uideratis aut e ad accusantes Ignarorum perueniveritis cum valeret Deducant sperabam festinavisses Orionaque profabarisque ab amictibus prodigique ', '2019-06-16', 'WIFE', '93 Sycamore Pass', 'CANCELLED', 'URGENT', 'negotio septentrionum respice subsidereque pluuisseque rimaturque pro traxique desperantes versaveris solaverimque Petilus spargentaque ex ad constituesque audacis e pro et quiantque ruinisque inuenatis');
insert into complaint (c_id, v_id, o_id, category, details, datetime, suspect, address, status, priority, bureau_notes) values (86, 28, 27, 'RASISM', 'ebaris obnoxiosque eloquebantur mirabamurque aquisque orat Mactasque et collavissem voluereque profugiemus in et ob quiverasque pactorum et aut caros clam vastas in prauumque impetuumque minabimurque formem', '2013-10-08', 'SHARMA JI', '3 Bellgrove Plaza', 'CLOSED', 'MEDIUM', 'Lustravero revomentem spiravissem ob ab intonat et pro vagerisque Alteque egentissimisque Existimabant formaveram Incipio aut nostrarum de pavitanta effugis et iungantur adstavistisque et cum epytusque pro a ');
insert into complaint (c_id, v_id, o_id, category, details, datetime, suspect, address, status, priority, bureau_notes) values (87, 59, 1, 'ROBBERY', 'cum recubantesque in et remittemurque soluerasque regnabimusque Circumveniebas cum arbitrabaturque educiebatis a aut ex aduocarer munivimus Diripint tangemus cedere Exisse coetum phaeacum Arceo clementia confer', '2020-04-17', 'THUG DUDE', '8409 Algoma Avenue', 'CANCELLED', 'LOW', 'ruerentque funderenturque Putaveramus partavere Adprobante moliar bidentes infelicis torquetque certum Ostentator in dicavissetisque Ludatque phrygia vociferante cum tenebamur Ferentique ab munita uocaretur auguriis');
insert into complaint (c_id, v_id, o_id, category, details, datetime, suspect, address, status, priority, bureau_notes) values (88, 48, 20, 'THEFT', 'incendo appellamur Ferivimusque pictis adfentur implentur aut multavistisque segnesque solavistis consulabimus confirmabo Mitteresque natis Maturate ternosque ob et attollenti ', '2018-08-17', 'COLLEGE BOY', '86 Lake View Way', 'OPEN', 'URGENT', 'polydorum subiciebamque aut hodierna saltuumque Pelasgae adfectaveris ab adferaturque adstaverimusque gererent de ex citatis mouerit Iubemusque confirmavistis effoderemusque misereturque');
insert into complaint (c_id, v_id, o_id, category, details, datetime, suspect, address, status, priority, bureau_notes) values (89, 34, 81, 'HUMAN TRAFFICING', 'Furenti oraveritque celebrataque pro aut et poscis fores metuentum Latinis consederat', '2019-05-11', 'HANDSOME GUY', '43176 Service Hill', 'CANCELLED', 'VERY LOW', 'decernimus conquireretur pro demisereque de hecatenque inuoluta Frumentem traditaque et pro et sedentisque Emicuitque integri uindicantque pro constavimusque obtulit clam natavitque reducto ');
insert into complaint (c_id, v_id, o_id, category, details, datetime, suspect, address, status, priority, bureau_notes) values (90, 88, 96, 'SUICIDE', 'tegeretur praecipitesque incendam a per pro sumatque oblatique armentem ab moliebamurque avernique rudentaque faciebatisque in furori accisamque ob epulata ferentem ', '2020-07-01', 'SIBLING_A', '8231 Service Parkway', 'WITHDRAWN', 'MEDIUM', 'ex aut vivida uideratis aut e ad accusantes Ignarorum perueniveritis cum valeret Deducant sperabam festinavisses Orionaque profabarisque ab amictibus prodigique ');
insert into complaint (c_id, v_id, o_id, category, details, datetime, suspect, address, status, priority, bureau_notes) values (91, 35, 45, 'ARSON', 'Munioque consurgiebam lacesserunt Flecterimusque postularemusque turtur superarintque Traducarisque de clam ululabo studioque e de consanguineis uenero aut indignitas cingite scutaque ab cum', '2021-12-15', 'TALL GUY', '03783 Logan Terrace', 'WITHDRAWN', 'VERY HIGH', 'exaudiatque aut ludatisque aut pro uindicabuntque et ex suademus recusaveratis et incoluerantque constituerint pro insurgentaque clam portendisseque insidentum despicientis statuat habetque osculaque aut ab revocare ');
insert into complaint (c_id, v_id, o_id, category, details, datetime, suspect, address, status, priority, bureau_notes) values (92, 26, 9, 'HUMAN TRAFFICING', 'decernimus conquireretur pro demisereque de hecatenque inuoluta Frumentem traditaque et pro et sedentisque Emicuitque integri uindicantque pro constavimusque obtulit clam natavitque reducto ', '2015-10-28', 'SIBLING_A', '260 Pearson Alley', 'WITHDRAWN', 'HIGH', 'ebaris obnoxiosque eloquebantur mirabamurque aquisque orat Mactasque et collavissem voluereque profugiemus in et ob quiverasque pactorum et aut caros clam vastas in prauumque impetuumque minabimurque formem');
insert into complaint (c_id, v_id, o_id, category, details, datetime, suspect, address, status, priority, bureau_notes) values (93, 87, 77, 'EXPLOSIVE SUBSTANCES', 'Transmitteretisque et rogavissetisque novavi et inciderimusque conspiceruntque continuique pendeant in venabulaque pavitantique cernatisque condonaretisque consessuumque lapsam ', '2011-07-11', 'SHARMA JI', '3757 Melody Avenue', 'WITHDRAWN', 'HIGH', 'incendo appellamur Ferivimusque pictis adfentur implentur aut multavistisque segnesque solavistis consulabimus confirmabo Mitteresque natis Maturate ternosque ob et attollenti ');
insert into complaint (c_id, v_id, o_id, category, details, datetime, suspect, address, status, priority, bureau_notes) values (94, 86, 55, 'CYBER CRIME', 'uidisti aetas occupavissentque madescant adjectivum indomitasque onustumque saevam fundarer legemque haesit genua suntoque pavidorumque auferretur per vastasque natare ducentum ', '2019-10-24', 'TEACHER', '6 Charing Cross Circle', 'CLOSED', 'URGENT', 'Transmitteretisque et rogavissetisque novavi et inciderimusque conspiceruntque continuique pendeant in venabulaque pavitantique cernatisque condonaretisque consessuumque lapsam ');
insert into complaint (c_id, v_id, o_id, category, details, datetime, suspect, address, status, priority, bureau_notes) values (95, 63, 62, 'KIDNAPPING', 'cum recubantesque in et remittemurque soluerasque regnabimusque Circumveniebas cum arbitrabaturque educiebatis a aut ex aduocarer munivimus Diripint tangemus cedere Exisse coetum phaeacum Arceo clementia confer', '2017-02-25', 'SIBLING_A', '93 Ridgeway Circle', 'CLOSED', 'MEDIUM', 'utraeque aut proiecissesque redintegrabatis Cingi aperirique Arserasque excedantque et aut immissaque et per auferre ob diverse circumsistisque quietaveram e fetum mutabit circumdabitisque seseque aequabat');
insert into complaint (c_id, v_id, o_id, category, details, datetime, suspect, address, status, priority, bureau_notes) values (96, 66, 68, 'RASISM', 'tumque et manantque populabanturque ingressique decedatque Clauderam iacentis laboque moremusque caece ex monebant Monumensque rumpi ex obtinendique coniungimus in per ab aut volvet Oravisse vastum ', '2021-10-30', 'SMALL GUY', '2357 Oak Terrace', 'CANCELLED', 'URGENT', 'fluminisque cum aut vager madescoque effugero levabis rumperemusque feriebasque cogendum circumvenimus imperabas vulneratis iudicantque Barbarorumque declararemusque declinaveroque petemusque ');
insert into complaint (c_id, v_id, o_id, category, details, datetime, suspect, address, status, priority, bureau_notes) values (97, 43, 82, 'KIDNAPPING', 'Proiecerit pro clam arbor e et aut memoraverantque decernissem ob conspicerimus nuntiabunturque ministrisque placuissent culminibusque volvit phoebo oppresserint clam captaeque Viridanti commoteque ', '2022-03-04', 'HUSBAND', '35271 Cascade Crossing', 'WITHDRAWN', 'HIGH', 'negotio septentrionum respice subsidereque pluuisseque rimaturque pro traxique desperantes versaveris solaverimque Petilus spargentaque ex ad constituesque audacis e pro et quiantque ruinisque inuenatis');
insert into complaint (c_id, v_id, o_id, category, details, datetime, suspect, address, status, priority, bureau_notes) values (98, 19, 51, 'THEFT', 'per e noua e respondebant sequensque aut solvebaris conspicissesque infima Formaverimusque per pontaveritis austrorum pro scopulumque Quiveras imperitantesque reficeretque dicit', '2013-01-06', 'CO_WORKER-B', '51 Coolidge Center', 'ON HOLD', 'VERY LOW', 'pro appellatique portavere ex circumflectere clam et a petiisti Terrebamque per militari ab cum concessit a arguo pro pergantque deponesque ob in et conlapsaque in amaboque intramus ludemus horteturque ');
insert into complaint (c_id, v_id, o_id, category, details, datetime, suspect, address, status, priority, bureau_notes) values (99, 40, 6, 'CORRUPTION', 'Custodiaque latrantibusque Consulesque candentemque antistesque texantque exspectarem Trahatisque suessamque et ob erraveritis ob aspis ponemusque praeceperantque ', '2013-11-25', 'RELATIVE-B', '9 Mandrake Pass', 'WITHDRAWN', 'VERY HIGH', 'utraeque aut proiecissesque redintegrabatis Cingi aperirique Arserasque excedantque et aut immissaque et per auferre ob diverse circumsistisque quietaveram e fetum mutabit circumdabitisque seseque aequabat');
insert into complaint (c_id, v_id, o_id, category, details, datetime, suspect, address, status, priority, bureau_notes) values (100, 45, 12, 'DOWRY', 'Custodiaque latrantibusque Consulesque candentemque antistesque texantque exspectarem Trahatisque suessamque et ob erraveritis ob aspis ponemusque praeceperantque ', '2013-07-29', 'SMALL GUY', '37 Glacier Hill Hill', 'OPEN', 'VERY LOW', 'sque moneri aut ad adstitisseque Alteris hiemetisque iactabatis ob remitter salsorum penatibus inclinaveram imperabit ab renuntiabas amulius aliquo Declinaret aut caelium addixisses precarerisque cavamque trad');


CREATE TABLE `logs` (
  `id` int NOT NULL,
  `action` varchar(500) NOT NULL,
  `cdate` datetime NOT NULL,
   `c_id` varchar(20) NOT NULL,

   constraint `logs_pk` primary key (`id`),
   constraint `logs_fk` foreign key (`c_id`) references `complaint` (`c_id`)
);

insert into logs (id, action, cdate, c_id) values (1, 'uidisti aetas occupavissentque madescant adjectivum indomitasque onustumque saevam fundarer legemque haesit genua suntoque pavidorumque auferretur per vastasque natare ducentum ', '2012-01-09', 46);
insert into logs (id, action, cdate, c_id) values (2, 'Furenti oraveritque celebrataque pro aut et poscis fores metuentum Latinis consederat', '2022-03-07', 4);
insert into logs (id, action, cdate, c_id) values (3, 'Aspicantque per reddemini frondem dicererisque tranaveramus reddissemusque e usurparenturque clam communerimusque iniectam deinceps pro pondum ignoranteque desistes revocet Frenaverint multitudinisque sibil', '2014-10-12', 85);
insert into logs (id, action, cdate, c_id) values (4, 'e in uenis Impetu trudes suadeboque Capiet aut oravistique Molliverat iuvaverasque mutavit ab custodum crediderimusque excitatumque e aut beroeque foravissentque audivimusque suspiciones et uiuique condonabo', '2014-05-14', 8);
insert into logs (id, action, cdate, c_id) values (5, 'cita pascarisque deessent resonaverim proca Existimarentque in craterasque attollisset perosi Adgnoscemusque ab feriremusque et a inchoat ascani aut et amans cingebamini tityon resisterimque triduumque ', '2006-07-23', 52);
insert into logs (id, action, cdate, c_id) values (6, 'exaudiatque aut ludatisque aut pro uindicabuntque et ex suademus recusaveratis et incoluerantque constituerint pro insurgentaque clam portendisseque insidentum despicientis statuat habetque osculaque aut ab revocare ', '2017-05-01', 18);
insert into logs (id, action, cdate, c_id) values (7, 'cum recubantesque in et remittemurque soluerasque regnabimusque Circumveniebas cum arbitrabaturque educiebatis a aut ex aduocarer munivimus Diripint tangemus cedere Exisse coetum phaeacum Arceo clementia confer', '2012-11-30', 17);
insert into logs (id, action, cdate, c_id) values (8, 'incendo appellamur Ferivimusque pictis adfentur implentur aut multavistisque segnesque solavistis consulabimus confirmabo Mitteresque natis Maturate ternosque ob et attollenti ', '2019-08-27', 40);
insert into logs (id, action, cdate, c_id) values (9, 'ebaris obnoxiosque eloquebantur mirabamurque aquisque orat Mactasque et collavissem voluereque profugiemus in et ob quiverasque pactorum et aut caros clam vastas in prauumque impetuumque minabimurque formem', '2017-08-03', 6);
insert into logs (id, action, cdate, c_id) values (10, 'molliebatisque ducitis ab ingentum fixique ex cognoverint a a tranabo Statusque ob aut commeatuique ad glacialis pro instabatis mitteremus per putareque ex ad hesternum aut et sagittamque consulaverunt tru', '2007-12-19', 69);
insert into logs (id, action, cdate, c_id) values (11, 'uidisti aetas occupavissentque madescant adjectivum indomitasque onustumque saevam fundarer legemque haesit genua suntoque pavidorumque auferretur per vastasque natare ducentum ', '2003-05-24', 3);
insert into logs (id, action, cdate, c_id) values (12, 'molliebatisque ducitis ab ingentum fixique ex cognoverint a a tranabo Statusque ob aut commeatuique ad glacialis pro instabatis mitteremus per putareque ex ad hesternum aut et sagittamque consulaverunt tru', '2014-09-26', 84);
insert into logs (id, action, cdate, c_id) values (13, 'horrebatque ceteroque rederis deseri pro uirgulta nebulam Indicabam reflexi vulneravere audisti necessariamque adsciscamque religiosaque Pratis aut praeconem descendentisque exerci', '2010-01-20', 97);
insert into logs (id, action, cdate, c_id) values (14, 'aut veneremur disponamusque absimilis cum et conversam Fortunae cum euocasseque e collatinusque anienis consulaboque glomeravistique Redebimus celabatur Effugissemus expectaverimus au', '2010-10-30', 83);
insert into logs (id, action, cdate, c_id) values (15, 'horrebatque ceteroque rederis deseri pro uirgulta nebulam Indicabam reflexi vulneravere audisti necessariamque adsciscamque religiosaque Pratis aut praeconem descendentisque exerci', '2015-08-24', 85);
insert into logs (id, action, cdate, c_id) values (16, 'fluminisque cum aut vager madescoque effugero levabis rumperemusque feriebasque cogendum circumvenimus imperabas vulneratis iudicantque Barbarorumque declararemusque declinaveroque petemusque ', '2011-02-16', 77);
insert into logs (id, action, cdate, c_id) values (17, 'aut foedaverit rogesque cupitisque iliades ad pendeamque Tremerent iubabitque in ex e cum ob procedatis effodiesque insignibus vera suberintque Respexi pro oenotrique sedecimque subierint ', '2008-06-19', 35);
insert into logs (id, action, cdate, c_id) values (18, 'Munioque consurgiebam lacesserunt Flecterimusque postularemusque turtur superarintque Traducarisque de clam ululabo studioque e de consanguineis uenero aut indignitas cingite scutaque ab cum', '2005-11-28', 95);
insert into logs (id, action, cdate, c_id) values (19, 'am supereramque ignemque soleremus officiumque ignisque credi circumdaretque et prodemusque Periculaque ab ianus Avectique ex inuadiebamus Uictusque pulsantisque ab gladiorum in cieremus aut aemula sp', '2021-09-29', 28);
insert into logs (id, action, cdate, c_id) values (20, 'iravisset certanturque Torpebat maturorumque recipieruntque voltis clam turbidoque clam aptaretis fingit invenio ex descendimusque ex decernerat aut ob involventis per et et deterrere recusabitur captorum ', '2005-07-16', 30);
insert into logs (id, action, cdate, c_id) values (21, 'am supereramque ignemque soleremus officiumque ignisque credi circumdaretque et prodemusque Periculaque ab ianus Avectique ex inuadiebamus Uictusque pulsantisque ab gladiorum in cieremus aut aemula sp', '2020-05-20', 51);
insert into logs (id, action, cdate, c_id) values (22, 'et discique per vittaque pro de cum clam capetoque includiebamque et collaretisque vexassentque salicesque aut tolles ab ex tenebimur praesente vinclo Divos ducuntque ex uicinum e ad et vecteque ', '2014-09-07', 66);
insert into logs (id, action, cdate, c_id) values (23, 'cita pascarisque deessent resonaverim proca Existimarentque in craterasque attollisset perosi Adgnoscemusque ab feriremusque et a inchoat ascani aut et amans cingebamini tityon resisterimque triduumque ', '2018-11-18', 89);
insert into logs (id, action, cdate, c_id) values (24, 'aut variique ob perferatisque resonaveratque fingentibus accipamusque ingeminans et abundante Incertae laxaverim resurgentumque Aperivique insciaque deveneret e ob e et et secundabatque capiteque', '2008-02-26', 50);
insert into logs (id, action, cdate, c_id) values (25, 'sequerisque Insepultum ad reperiasque frenarent ob clam aut iunoniaque rubus doleret lapsantem Cingissem e expiarenturque ab ex ortus uiceruntque Incusaveroque et ab de lapsamque a in experiarque ', '2012-01-11', 18);
insert into logs (id, action, cdate, c_id) values (26, 'iravisset certanturque Torpebat maturorumque recipieruntque voltis clam turbidoque clam aptaretis fingit invenio ex descendimusque ex decernerat aut ob involventis per et et deterrere recusabitur captorum ', '2014-12-09', 70);
insert into logs (id, action, cdate, c_id) values (27, 'Solueratque e incensae Fugiebam inibunt Mitterimusque clam intendisti trionesque cingerentque graecisque revisiebatis priuatum', '2018-03-19', 37);
insert into logs (id, action, cdate, c_id) values (28, 'ucanturque e accepissetis onerant refert conferebantque coniecit ad ab pontavissent mutaverimque regnatis mandareretis et striditis patesciebasque conuentus teretisque peruenerant sermone aut aut aut persen', '2005-08-30', 85);
insert into logs (id, action, cdate, c_id) values (29, 'ucanturque e accepissetis onerant refert conferebantque coniecit ad ab pontavissent mutaverimque regnatis mandareretis et striditis patesciebasque conuentus teretisque peruenerant sermone aut aut aut persen', '2004-07-13', 70);
insert into logs (id, action, cdate, c_id) values (30, 'per e noua e respondebant sequensque aut solvebaris conspicissesque infima Formaverimusque per pontaveritis austrorum pro scopulumque Quiveras imperitantesque reficeretque dicit', '2008-01-31', 10);
insert into logs (id, action, cdate, c_id) values (31, 'per e noua e respondebant sequensque aut solvebaris conspicissesque infima Formaverimusque per pontaveritis austrorum pro scopulumque Quiveras imperitantesque reficeretque dicit', '2008-11-06', 77);
insert into logs (id, action, cdate, c_id) values (32, 'et pectora a cum ab incusetisque fundabat agro clam deseritque ab ob declaravitque Sedavissimus de pulsareturque Interiit in uicerimus pro iactarique et scelerisque oraverim conueniebant murorumque incol', '2009-10-12', 52);
insert into logs (id, action, cdate, c_id) values (33, 'cum recubantesque in et remittemurque soluerasque regnabimusque Circumveniebas cum arbitrabaturque educiebatis a aut ex aduocarer munivimus Diripint tangemus cedere Exisse coetum phaeacum Arceo clementia confer', '2008-04-18', 24);
insert into logs (id, action, cdate, c_id) values (34, 'deretque pro ancipites vincis vertiebamus aut et fungebantur displicet uocantur Novaveritis cantum auferatis de vitaverim egere excepisset Clangor posciebamus immortalum Penetralique adibat a divina Iuvemu', '2007-05-10', 12);
insert into logs (id, action, cdate, c_id) values (35, 'ex aut vivida uideratis aut e ad accusantes Ignarorum perueniveritis cum valeret Deducant sperabam festinavisses Orionaque profabarisque ab amictibus prodigique ', '2002-08-06', 67);
insert into logs (id, action, cdate, c_id) values (36, 'aut variique ob perferatisque resonaveratque fingentibus accipamusque ingeminans et abundante Incertae laxaverim resurgentumque Aperivique insciaque deveneret e ob e et et secundabatque capiteque', '2016-04-12', 73);
insert into logs (id, action, cdate, c_id) values (37, 'fluminisque cum aut vager madescoque effugero levabis rumperemusque feriebasque cogendum circumvenimus imperabas vulneratis iudicantque Barbarorumque declararemusque declinaveroque petemusque ', '2010-03-20', 48);
insert into logs (id, action, cdate, c_id) values (38, 'e in uenis Impetu trudes suadeboque Capiet aut oravistique Molliverat iuvaverasque mutavit ab custodum crediderimusque excitatumque e aut beroeque foravissentque audivimusque suspiciones et uiuique condonabo', '2011-04-10', 33);
insert into logs (id, action, cdate, c_id) values (39, 'polydorum subiciebamque aut hodierna saltuumque Pelasgae adfectaveris ab adferaturque adstaverimusque gererent de ex citatis mouerit Iubemusque confirmavistis effoderemusque misereturque', '2017-11-08', 59);
insert into logs (id, action, cdate, c_id) values (40, 'negotio septentrionum respice subsidereque pluuisseque rimaturque pro traxique desperantes versaveris solaverimque Petilus spargentaque ex ad constituesque audacis e pro et quiantque ruinisque inuenatis', '2009-07-02', 38);
insert into logs (id, action, cdate, c_id) values (41, 'horrebatque ceteroque rederis deseri pro uirgulta nebulam Indicabam reflexi vulneravere audisti necessariamque adsciscamque religiosaque Pratis aut praeconem descendentisque exerci', '2014-07-18', 18);
insert into logs (id, action, cdate, c_id) values (42, 'Sonasque tuentum Liqueremurque insidesque de e mittiebant miraturque versas contigitisque interrogandoque teque castitas et uicinas turbarentur festinares pro a fundareminique Adfabarisque tradis et velim', '2012-04-12', 25);
insert into logs (id, action, cdate, c_id) values (43, 'incendo appellamur Ferivimusque pictis adfentur implentur aut multavistisque segnesque solavistis consulabimus confirmabo Mitteresque natis Maturate ternosque ob et attollenti ', '2017-02-28', 36);
insert into logs (id, action, cdate, c_id) values (44, 'incendo appellamur Ferivimusque pictis adfentur implentur aut multavistisque segnesque solavistis consulabimus confirmabo Mitteresque natis Maturate ternosque ob et attollenti ', '2017-08-29', 38);
insert into logs (id, action, cdate, c_id) values (45, 'et discique per vittaque pro de cum clam capetoque includiebamque et collaretisque vexassentque salicesque aut tolles ab ex tenebimur praesente vinclo Divos ducuntque ex uicinum e ad et vecteque ', '2007-12-21', 40);
insert into logs (id, action, cdate, c_id) values (46, 'am supereramque ignemque soleremus officiumque ignisque credi circumdaretque et prodemusque Periculaque ab ianus Avectique ex inuadiebamus Uictusque pulsantisque ab gladiorum in cieremus aut aemula sp', '2008-11-22', 67);
insert into logs (id, action, cdate, c_id) values (47, 'tumque et manantque populabanturque ingressique decedatque Clauderam iacentis laboque moremusque caece ex monebant Monumensque rumpi ex obtinendique coniungimus in per ab aut volvet Oravisse vastum ', '2009-01-08', 28);
insert into logs (id, action, cdate, c_id) values (48, 'e in uenis Impetu trudes suadeboque Capiet aut oravistique Molliverat iuvaverasque mutavit ab custodum crediderimusque excitatumque e aut beroeque foravissentque audivimusque suspiciones et uiuique condonabo', '2012-12-17', 77);
insert into logs (id, action, cdate, c_id) values (49, 'decernimus conquireretur pro demisereque de hecatenque inuoluta Frumentem traditaque et pro et sedentisque Emicuitque integri uindicantque pro constavimusque obtulit clam natavitque reducto ', '2012-10-19', 11);
insert into logs (id, action, cdate, c_id) values (50, 'tegeretur praecipitesque incendam a per pro sumatque oblatique armentem ab moliebamurque avernique rudentaque faciebatisque in furori accisamque ob epulata ferentem ', '2015-06-28', 68);
insert into logs (id, action, cdate, c_id) values (51, 'et discique per vittaque pro de cum clam capetoque includiebamque et collaretisque vexassentque salicesque aut tolles ab ex tenebimur praesente vinclo Divos ducuntque ex uicinum e ad et vecteque ', '2014-02-27', 68);
insert into logs (id, action, cdate, c_id) values (52, 'titque e peragretque cogetque ullamque Iudicemusque a petendo consueratque olentisque Imponebimus ob hiemaresque venter comprehendemus confugietis et incenderes persolvantque Procumbiebamus euryalum duceremqu', '2009-06-29', 20);
insert into logs (id, action, cdate, c_id) values (53, 'ucanturque e accepissetis onerant refert conferebantque coniecit ad ab pontavissent mutaverimque regnatis mandareretis et striditis patesciebasque conuentus teretisque peruenerant sermone aut aut aut persen', '2021-11-26', 82);
insert into logs (id, action, cdate, c_id) values (54, 'praetenta adstiteramus cretumque Superansque imperitansque cum hominibusque saeuitum palinurusque insideres gravabunt ob et tranaverasque aut dehiscabo dubitaretis labentes praemetuentes nostraque', '2021-05-02', 21);
insert into logs (id, action, cdate, c_id) values (55, 'Aspicantque per reddemini frondem dicererisque tranaveramus reddissemusque e usurparenturque clam communerimusque iniectam deinceps pro pondum ignoranteque desistes revocet Frenaverint multitudinisque sibil', '2006-05-05', 51);
insert into logs (id, action, cdate, c_id) values (56, 'titque e peragretque cogetque ullamque Iudicemusque a petendo consueratque olentisque Imponebimus ob hiemaresque venter comprehendemus confugietis et incenderes persolvantque Procumbiebamus euryalum duceremqu', '2004-09-10', 88);
insert into logs (id, action, cdate, c_id) values (57, 'Aspicantque per reddemini frondem dicererisque tranaveramus reddissemusque e usurparenturque clam communerimusque iniectam deinceps pro pondum ignoranteque desistes revocet Frenaverint multitudinisque sibil', '2009-09-08', 28);
insert into logs (id, action, cdate, c_id) values (58, 'exaudiatque aut ludatisque aut pro uindicabuntque et ex suademus recusaveratis et incoluerantque constituerint pro insurgentaque clam portendisseque insidentum despicientis statuat habetque osculaque aut ab revocare ', '2020-12-14', 72);
insert into logs (id, action, cdate, c_id) values (59, 'Custodiaque latrantibusque Consulesque candentemque antistesque texantque exspectarem Trahatisque suessamque et ob erraveritis ob aspis ponemusque praeceperantque ', '2020-01-19', 81);
insert into logs (id, action, cdate, c_id) values (60, 'incendo appellamur Ferivimusque pictis adfentur implentur aut multavistisque segnesque solavistis consulabimus confirmabo Mitteresque natis Maturate ternosque ob et attollenti ', '2015-07-24', 51);
insert into logs (id, action, cdate, c_id) values (61, 'Aspicantque per reddemini frondem dicererisque tranaveramus reddissemusque e usurparenturque clam communerimusque iniectam deinceps pro pondum ignoranteque desistes revocet Frenaverint multitudinisque sibil', '2005-01-15', 29);
insert into logs (id, action, cdate, c_id) values (62, 'Sonasque tuentum Liqueremurque insidesque de e mittiebant miraturque versas contigitisque interrogandoque teque castitas et uicinas turbarentur festinares pro a fundareminique Adfabarisque tradis et velim', '2019-08-04', 72);
insert into logs (id, action, cdate, c_id) values (63, 'decernimus conquireretur pro demisereque de hecatenque inuoluta Frumentem traditaque et pro et sedentisque Emicuitque integri uindicantque pro constavimusque obtulit clam natavitque reducto ', '2019-08-19', 87);
insert into logs (id, action, cdate, c_id) values (64, 'e in uenis Impetu trudes suadeboque Capiet aut oravistique Molliverat iuvaverasque mutavit ab custodum crediderimusque excitatumque e aut beroeque foravissentque audivimusque suspiciones et uiuique condonabo', '2007-11-11', 31);
insert into logs (id, action, cdate, c_id) values (65, 'titque e peragretque cogetque ullamque Iudicemusque a petendo consueratque olentisque Imponebimus ob hiemaresque venter comprehendemus confugietis et incenderes persolvantque Procumbiebamus euryalum duceremqu', '2018-09-25', 36);
insert into logs (id, action, cdate, c_id) values (66, 'e in uenis Impetu trudes suadeboque Capiet aut oravistique Molliverat iuvaverasque mutavit ab custodum crediderimusque excitatumque e aut beroeque foravissentque audivimusque suspiciones et uiuique condonabo', '2019-07-04', 87);
insert into logs (id, action, cdate, c_id) values (67, 'a conlocavisset Opportunique ad dubites nodique accedet clades per instructius meroque ob transerintque fameque Ritus certem consistemusque ad peruenissentque accendereque orbis aduncum procumberetisque ', '2017-01-11', 59);
insert into logs (id, action, cdate, c_id) values (68, 'horrebatque ceteroque rederis deseri pro uirgulta nebulam Indicabam reflexi vulneravere audisti necessariamque adsciscamque religiosaque Pratis aut praeconem descendentisque exerci', '2017-11-11', 9);
insert into logs (id, action, cdate, c_id) values (69, 'deretque pro ancipites vincis vertiebamus aut et fungebantur displicet uocantur Novaveritis cantum auferatis de vitaverim egere excepisset Clangor posciebamus immortalum Penetralique adibat a divina Iuvemu', '2018-04-22', 86);
insert into logs (id, action, cdate, c_id) values (70, 'per e noua e respondebant sequensque aut solvebaris conspicissesque infima Formaverimusque per pontaveritis austrorum pro scopulumque Quiveras imperitantesque reficeretque dicit', '2015-10-31', 92);
insert into logs (id, action, cdate, c_id) values (71, 'iravisset certanturque Torpebat maturorumque recipieruntque voltis clam turbidoque clam aptaretis fingit invenio ex descendimusque ex decernerat aut ob involventis per et et deterrere recusabitur captorum ', '2011-03-15', 62);
insert into logs (id, action, cdate, c_id) values (72, 'Lustravero revomentem spiravissem ob ab intonat et pro vagerisque Alteque egentissimisque Existimabant formaveram Incipio aut nostrarum de pavitanta effugis et iungantur adstavistisque et cum epytusque pro a ', '2021-05-23', 22);
insert into logs (id, action, cdate, c_id) values (73, 'a conlocavisset Opportunique ad dubites nodique accedet clades per instructius meroque ob transerintque fameque Ritus certem consistemusque ad peruenissentque accendereque orbis aduncum procumberetisque ', '2009-04-25', 22);
insert into logs (id, action, cdate, c_id) values (74, 'Lustravero revomentem spiravissem ob ab intonat et pro vagerisque Alteque egentissimisque Existimabant formaveram Incipio aut nostrarum de pavitanta effugis et iungantur adstavistisque et cum epytusque pro a ', '2011-10-24', 78);
insert into logs (id, action, cdate, c_id) values (75, 'Limina clam attingere iliacos salutarent Vale ad durateque a ab auctorem clam comburiebam residerentque adno hostilium auferret Implessemus et superioribus meditarique sedebo ', '2012-03-22', 60);
insert into logs (id, action, cdate, c_id) values (76, 'ucanturque e accepissetis onerant refert conferebantque coniecit ad ab pontavissent mutaverimque regnatis mandareretis et striditis patesciebasque conuentus teretisque peruenerant sermone aut aut aut persen', '2009-09-21', 26);
insert into logs (id, action, cdate, c_id) values (77, 'Solueratque e incensae Fugiebam inibunt Mitterimusque clam intendisti trionesque cingerentque graecisque revisiebatis priuatum', '2004-02-14', 97);
insert into logs (id, action, cdate, c_id) values (78, 'Munioque consurgiebam lacesserunt Flecterimusque postularemusque turtur superarintque Traducarisque de clam ululabo studioque e de consanguineis uenero aut indignitas cingite scutaque ab cum', '2013-06-30', 95);
insert into logs (id, action, cdate, c_id) values (79, 'tumque et manantque populabanturque ingressique decedatque Clauderam iacentis laboque moremusque caece ex monebant Monumensque rumpi ex obtinendique coniungimus in per ab aut volvet Oravisse vastum ', '2020-02-25', 82);
insert into logs (id, action, cdate, c_id) values (80, 'utraeque aut proiecissesque redintegrabatis Cingi aperirique Arserasque excedantque et aut immissaque et per auferre ob diverse circumsistisque quietaveram e fetum mutabit circumdabitisque seseque aequabat', '2016-02-16', 83);
insert into logs (id, action, cdate, c_id) values (81, 'tegeretur praecipitesque incendam a per pro sumatque oblatique armentem ab moliebamurque avernique rudentaque faciebatisque in furori accisamque ob epulata ferentem ', '2012-02-22', 54);
insert into logs (id, action, cdate, c_id) values (82, 'sque moneri aut ad adstitisseque Alteris hiemetisque iactabatis ob remitter salsorum penatibus inclinaveram imperabit ab renuntiabas amulius aliquo Declinaret aut caelium addixisses precarerisque cavamque trad', '2006-11-16', 71);
insert into logs (id, action, cdate, c_id) values (83, 'exaudiatque aut ludatisque aut pro uindicabuntque et ex suademus recusaveratis et incoluerantque constituerint pro insurgentaque clam portendisseque insidentum despicientis statuat habetque osculaque aut ab revocare ', '2004-10-18', 99);
insert into logs (id, action, cdate, c_id) values (84, 'incendo appellamur Ferivimusque pictis adfentur implentur aut multavistisque segnesque solavistis consulabimus confirmabo Mitteresque natis Maturate ternosque ob et attollenti ', '2012-10-07', 5);
insert into logs (id, action, cdate, c_id) values (85, 'praetenta adstiteramus cretumque Superansque imperitansque cum hominibusque saeuitum palinurusque insideres gravabunt ob et tranaverasque aut dehiscabo dubitaretis labentes praemetuentes nostraque', '2008-02-16', 19);
insert into logs (id, action, cdate, c_id) values (86, 'Furenti oraveritque celebrataque pro aut et poscis fores metuentum Latinis consederat', '2009-12-29', 44);
insert into logs (id, action, cdate, c_id) values (87, 'tumque et manantque populabanturque ingressique decedatque Clauderam iacentis laboque moremusque caece ex monebant Monumensque rumpi ex obtinendique coniungimus in per ab aut volvet Oravisse vastum ', '2019-10-30', 74);
insert into logs (id, action, cdate, c_id) values (88, 'uidisti aetas occupavissentque madescant adjectivum indomitasque onustumque saevam fundarer legemque haesit genua suntoque pavidorumque auferretur per vastasque natare ducentum ', '2021-07-09', 31);
insert into logs (id, action, cdate, c_id) values (89, 'Solueratque e incensae Fugiebam inibunt Mitterimusque clam intendisti trionesque cingerentque graecisque revisiebatis priuatum', '2005-08-09', 89);
insert into logs (id, action, cdate, c_id) values (90, 'aut foedaverit rogesque cupitisque iliades ad pendeamque Tremerent iubabitque in ex e cum ob procedatis effodiesque insignibus vera suberintque Respexi pro oenotrique sedecimque subierint ', '2005-08-17', 6);
insert into logs (id, action, cdate, c_id) values (91, 'sequerisque Insepultum ad reperiasque frenarent ob clam aut iunoniaque rubus doleret lapsantem Cingissem e expiarenturque ab ex ortus uiceruntque Incusaveroque et ab de lapsamque a in experiarque ', '2017-02-21', 6);
insert into logs (id, action, cdate, c_id) values (92, 'uidisti aetas occupavissentque madescant adjectivum indomitasque onustumque saevam fundarer legemque haesit genua suntoque pavidorumque auferretur per vastasque natare ducentum ', '2004-05-17', 38);
insert into logs (id, action, cdate, c_id) values (93, 'Lustravero revomentem spiravissem ob ab intonat et pro vagerisque Alteque egentissimisque Existimabant formaveram Incipio aut nostrarum de pavitanta effugis et iungantur adstavistisque et cum epytusque pro a ', '2011-07-21', 92);
insert into logs (id, action, cdate, c_id) values (94, 'que ad molliveruntque destituavere deferebamur aut relinquat sonareque et immemoresque per sumeque immanibusque siluius effodatisque araneum optavissetis Velamini frequentemus temptavisset velaveritisque au', '2016-03-28', 27);
insert into logs (id, action, cdate, c_id) values (95, 'ruerentque funderenturque Putaveramus partavere Adprobante moliar bidentes infelicis torquetque certum Ostentator in dicavissetisque Ludatque phrygia vociferante cum tenebamur Ferentique ab munita uocaretur auguriis', '2020-10-25', 87);
insert into logs (id, action, cdate, c_id) values (96, 'exaudiatque aut ludatisque aut pro uindicabuntque et ex suademus recusaveratis et incoluerantque constituerint pro insurgentaque clam portendisseque insidentum despicientis statuat habetque osculaque aut ab revocare ', '2004-10-13', 85);
insert into logs (id, action, cdate, c_id) values (97, 'Transmitteretisque et rogavissetisque novavi et inciderimusque conspiceruntque continuique pendeant in venabulaque pavitantique cernatisque condonaretisque consessuumque lapsam ', '2015-09-06', 58);
insert into logs (id, action, cdate, c_id) values (98, 'ruerentque funderenturque Putaveramus partavere Adprobante moliar bidentes infelicis torquetque certum Ostentator in dicavissetisque Ludatque phrygia vociferante cum tenebamur Ferentique ab munita uocaretur auguriis', '2011-06-21', 42);
insert into logs (id, action, cdate, c_id) values (99, 'uidisti aetas occupavissentque madescant adjectivum indomitasque onustumque saevam fundarer legemque haesit genua suntoque pavidorumque auferretur per vastasque natare ducentum ', '2004-02-17', 11);
insert into logs (id, action, cdate, c_id) values (100, 'deretque pro ancipites vincis vertiebamus aut et fungebantur displicet uocantur Novaveritis cantum auferatis de vitaverim egere excepisset Clangor posciebamus immortalum Penetralique adibat a divina Iuvemu', '2013-09-01', 96);